country,1960,1961,1962,1963,1964,1965,1966,1967,1968,1969,1970,1971,1972,1973,1974,1975,1976,1977,1978,1979,1980,1981,1982,1983,1984,1985,1986,1987,1988,1989,1990,1991,1992,1993,1994,1995,1996,1997,1998,1999,2000,2001,2002,2003,2004,2005,2006,2007,2008,2009,2010,2011,2012,2013,2014,2015,2016,2017,2018,2019,2020,2021,2022,2023
Aruba,27.9k,28.2k,28.6k,28.9k,29.2k,29.5k,29.7k,29.9k,29.9k,29.9k,29.8k,29.7k,29.4k,29.5k,29.5k,29.5k,29.5k,29.6k,29.7k,29.9k,30.2k,30.6k,30.9k,31.4k,31.7k,31.1k,30.2k,29.8k,29.9k,30.4k,31.6k,33.1k,34.5k,36.5k,38.2k,38.9k,40.1k,41.4k,42k,42.3k,42.3k,42.4k,42.3k,42.5k,43k,43.8k,44.2k,44.2k,44.2k,44.1k,43.9k,44.1k,44.7k,45.4k,46k,46.5k,47k,47.1k,47.3k,47.6k,47.4k,47.2k,47.3k,47.5k
Afghanistan,759k,800k,844k,891k,941k,994k,1.05M,1.11M,1.17M,1.24M,1.31M,1.39M,1.47M,1.56M,1.65M,1.74M,1.84M,1.94M,2.04M,2.11M,2.11M,1.98M,1.88M,1.94M,2.06M,2.17M,2.24M,2.31M,2.42M,2.5M,2.55M,2.6M,2.84M,3.2M,3.5M,3.69M,3.86M,4.02M,4.2M,4.37M,4.44M,4.5M,4.76M,5.08M,5.3M,5.54M,5.82M,5.99M,6.18M,6.46M,6.71M,7.03M,7.38M,7.71M,8.06M,8.39M,8.68M,9.01M,9.37M,9.75M,10.2M,10.5M,10.8M,11.2M
Angola,546k,572k,600k,629k,659k,690k,724k,758k,795k,832k,875k,937k,1.02M,1.11M,1.2M,1.31M,1.42M,1.54M,1.68M,1.82M,1.98M,2.15M,2.33M,2.53M,2.74M,2.97M,3.21M,3.46M,3.73M,4.02M,4.32M,4.64M,4.97M,5.32M,5.7M,6.05M,6.43M,6.82M,7.23M,7.66M,8.11M,8.59M,9.09M,9.63M,10.2M,10.8M,11.4M,12M,12.6M,13.2M,13.9M,14.7M,15.4M,16.2M,17M,17.9M,18.7M,19.6M,20.5M,21.4M,22.4M,23.3M,24.3M,25.2M
Albania,494k,514k,531k,548k,565k,582k,599k,617k,636k,657k,678k,699k,721k,742k,764k,787k,809k,832k,855k,877k,902k,928k,955k,983k,1.01M,1.04M,1.07M,1.1M,1.13M,1.17M,1.2M,1.2M,1.21M,1.22M,1.23M,1.24M,1.25M,1.26M,1.27M,1.28M,1.29M,1.3M,1.33M,1.35M,1.38M,1.41M,1.43M,1.45M,1.47M,1.5M,1.52M,1.55M,1.58M,1.6M,1.63M,1.65M,1.68M,1.71M,1.73M,1.75M,1.76M,1.77M,1.77M,1.77M
Andorra,5560,6270,7040,7850,8710,9600,10.6k,11.8k,13.2k,14.6k,16k,17.5k,19.1k,20.8k,22.5k,24.2k,26k,27.8k,29.6k,31.3k,32.9k,34.5k,36.2k,38.2k,40k,41.7k,43.6k,45.4k,47k,48k,49.8k,53.6k,56.8k,59.5k,60.7k,59.9k,59.8k,60.3k,60.8k,60.9k,60.7k,60.6k,60.9k,63.4k,67.5k,69.9k,71.5k,73.1k,74.3k,74.6k,71.7k,69k,68.1k,66.6k,65.2k,63.8k,63.7k,65k,66.2k,67.3k,68k,68.8k,70k,71k
UAE,96.5k,103k,109k,116k,123k,130k,137k,142k,159k,191k,229k,267k,307k,348k,390k,433k,492k,569k,650k,734k,820k,887k,939k,991k,1.05M,1.1M,1.17M,1.25M,1.33M,1.42M,1.5M,1.58M,1.67M,1.75M,1.83M,1.91M,2.04M,2.22M,2.41M,2.61M,2.8M,3M,3.21M,3.42M,3.63M,3.84M,4.14M,4.67M,5.26M,5.62M,5.78M,6M,6.26M,6.54M,6.88M,7.29M,7.68M,7.95M,8.09M,8.2M,8.18M,8.36M,8.82M,9.2M
Argentina,15M,15.4M,15.8M,16.1M,16.5M,16.9M,17.3M,17.6M,18M,18.4M,18.8M,19.2M,19.7M,20.1M,20.5M,21M,21.4M,21.8M,22.3M,22.7M,23.2M,23.7M,24.2M,24.7M,25.3M,25.8M,26.3M,26.9M,27.4M,28M,28.5M,29M,29.5M,30M,30.4M,30.9M,31.4M,31.8M,32.3M,32.7M,33.2M,33.6M,34M,34.5M,34.9M,35.3M,35.7M,36.2M,36.6M,37.1M,37.5M,38M,38.4M,38.9M,39.3M,39.8M,40.2M,40.6M,41M,41.4M,41.6M,41.8M,41.9M,42.1M
Armenia,956k,1.01M,1.06M,1.11M,1.16M,1.21M,1.27M,1.32M,1.38M,1.43M,1.48M,1.53M,1.58M,1.64M,1.69M,1.75M,1.81M,1.89M,1.97M,2.03M,2.05M,2.08M,2.1M,2.13M,2.16M,2.19M,2.22M,2.25M,2.27M,2.33M,2.39M,2.43M,2.39M,2.3M,2.23M,2.18M,2.16M,2.13M,2.09M,2.06M,2.08M,2.07M,2.06M,2.04M,2.03M,2.01M,2M,1.98M,1.96M,1.95M,1.93M,1.92M,1.91M,1.91M,1.9M,1.9M,1.89M,1.88M,1.87M,1.87M,1.88M,1.88M,1.89M,1.91M
American Samoa,13.3k,13.8k,14.3k,14.8k,15.4k,16k,16.6k,17.2k,17.8k,18.5k,19k,19.5k,19.9k,20.4k,20.8k,21.3k,21.8k,22.3k,22.8k,23.4k,24.1k,25.2k,26.4k,27.7k,29k,30.4k,31.8k,33.3k,34.7k,36.3k,37.8k,39.2k,40.6k,42k,43.3k,44.6k,45.9k,47.2k,48.4k,49.6k,50.4k,50.5k,50.4k,50.3k,50.1k,49.9k,49.6k,49.3k,49k,48.7k,48.4k,48k,47.6k,47.2k,46.7k,46.1k,45.6k,45k,44.4k,43.8k,43.4k,42.9k,42.2k,41.5k
Antigua and Barbuda,22.1k,22.1k,22k,22k,22k,22k,21.9k,21.9k,21.9k,21.9k,21.8k,21.9k,22k,21.9k,21.9k,21.8k,21.9k,22k,22.1k,22.2k,22.3k,22.4k,22.5k,22.6k,22.7k,22.6k,22.6k,22.5k,22.4k,22.4k,22.3k,22.5k,22.6k,22.8k,22.9k,23.2k,23.4k,23.6k,23.8k,23.9k,24.1k,24.1k,24k,23.7k,23.5k,23.3k,23.1k,22.9k,22.7k,22.6k,22.4k,22.2k,22.3k,22.3k,22.3k,22.4k,22.4k,22.4k,22.4k,22.4k,22.4k,22.5k,22.6k,22.7k
Australia,8.38M,8.59M,8.83M,9.03M,9.25M,9.46M,9.71M,9.85M,10M,10.3M,10.5M,10.9M,11.1M,11.3M,11.6M,11.8M,11.9M,12.1M,12.2M,12.4M,12.6M,12.8M,13M,13.2M,13.3M,13.5M,13.7M,13.9M,14.1M,14.4M,14.6M,14.8M,14.9M,15M,15.1M,15.3M,15.4M,15.6M,15.7M,15.9M,16M,16.2M,16.4M,16.6M,16.8M,17.1M,17.3M,17.7M,18M,18.5M,18.8M,19.1M,19.4M,19.8M,20.1M,20.4M,20.8M,21.1M,21.5M,21.8M,22.1M,22.2M,22.5M,23.1M
Austria,4.56M,4.59M,4.62M,4.66M,4.69M,4.73M,4.76M,4.8M,4.83M,4.85M,4.87M,4.9M,4.93M,4.96M,4.96M,4.95M,4.94M,4.95M,4.94M,4.94M,4.94M,4.95M,4.93M,4.9M,4.88M,4.86M,4.85M,4.83M,4.82M,4.82M,4.83M,4.86M,4.89M,4.91M,4.91M,4.9M,4.88M,4.86M,4.85M,4.83M,4.82M,4.82M,4.82M,4.82M,4.83M,4.84M,4.84M,4.83M,4.82M,4.81M,4.8M,4.79M,4.82M,4.86M,4.92M,4.99M,5.06M,5.11M,5.15M,5.2M,5.24M,5.28M,5.36M,5.44M
Azerbaijan,2.05M,2.12M,2.17M,2.22M,2.28M,2.34M,2.39M,2.44M,2.49M,2.53M,2.59M,2.67M,2.75M,2.82M,2.89M,2.95M,3.01M,3.07M,3.14M,3.2M,3.25M,3.31M,3.37M,3.43M,3.5M,3.57M,3.64M,3.71M,3.77M,3.83M,3.86M,3.89M,3.92M,3.96M,3.99M,4.01M,4.03M,4.04M,4.06M,4.09M,4.14M,4.18M,4.23M,4.28M,4.34M,4.4M,4.46M,4.53M,4.64M,4.76M,4.84M,4.92M,5.01M,5.1M,5.19M,5.28M,5.37M,5.45M,5.53M,5.62M,5.69M,5.76M,5.8M,5.85M
Burundi,57.4k,60k,62.6k,65.1k,68.2k,72.1k,77.1k,82.5k,88.3k,94.2k,100k,107k,112k,117k,125k,134k,143k,153k,164k,176k,190k,206k,219k,233k,248k,263k,278k,295k,313k,331k,350k,368k,389k,387k,401k,437k,450k,462k,484k,509k,534k,561k,592k,627k,668k,711k,756k,805k,861k,928k,998k,1.06M,1.13M,1.2M,1.27M,1.33M,1.39M,1.46M,1.55M,1.64M,1.73M,1.82M,1.92M,2.02M
Belgium,8.46M,8.5M,8.55M,8.62M,8.72M,8.81M,8.89M,8.95M,9M,9.04M,9.06M,9.09M,9.14M,9.18M,9.22M,9.26M,9.29M,9.32M,9.35M,9.38M,9.4M,9.42M,9.43M,9.44M,9.44M,9.46M,9.47M,9.49M,9.53M,9.57M,9.61M,9.65M,9.7M,9.74M,9.78M,9.81M,9.84M,9.87M,9.9M,9.93M,9.96M,10M,10M,10.1M,10.1M,10.2M,10.3M,10.4M,10.4M,10.5M,10.6M,10.8M,10.9M,10.9M,11M,11M,11.1M,11.1M,11.2M,11.3M,11.3M,11.4M,11.5M,11.6M
Benin,233k,252k,273k,295k,319k,345k,374k,404k,437k,473k,512k,553k,598k,646k,699k,755k,815k,880k,950k,1.02M,1.07M,1.13M,1.19M,1.26M,1.33M,1.4M,1.47M,1.55M,1.64M,1.73M,1.82M,1.92M,2.01M,2.12M,2.22M,2.29M,2.37M,2.46M,2.56M,2.66M,2.77M,2.88M,3M,3.13M,3.27M,3.42M,3.57M,3.72M,3.88M,4.05M,4.22M,4.4M,4.59M,4.78M,4.98M,5.19M,5.41M,5.63M,5.86M,6.09M,6.33M,6.57M,6.82M,7.07M
Burkina Faso,225k,233k,241k,249k,258k,268k,278k,288k,299k,311k,322k,335k,347k,361k,375k,390k,419k,460k,505k,556k,612k,673k,741k,815k,897k,987k,1.06M,1.11M,1.16M,1.21M,1.27M,1.32M,1.38M,1.44M,1.5M,1.57M,1.64M,1.74M,1.86M,1.99M,2.13M,2.28M,2.44M,2.62M,2.8M,3M,3.21M,3.41M,3.59M,3.78M,3.98M,4.2M,4.42M,4.66M,4.91M,5.17M,5.44M,5.72M,6M,6.28M,6.57M,6.87M,7.18M,7.49M
Bangladesh,2.66M,2.81M,3.02M,3.24M,3.47M,3.72M,3.99M,4.28M,4.58M,4.91M,5.24M,5.55M,5.89M,6.31M,6.85M,7.66M,8.55M,9.52M,10.6M,11.8M,13.1M,14.3M,15M,15.9M,16.7M,17.5M,18.4M,19.3M,20.2M,21.2M,22.1M,23M,23.9M,24.8M,25.7M,26.6M,27.5M,28.5M,29.6M,30.7M,31.7M,33M,34.4M,35.8M,37.3M,38.8M,40.3M,41.8M,43.3M,44.8M,46.4M,48M,49.6M,51.3M,53M,54.7M,56.4M,58.2M,59.9M,61.7M,63.5M,65.3M,67.3M,69.4M
Bulgaria,2.92M,3.08M,3.24M,3.41M,3.58M,3.75M,3.9M,4.03M,4.17M,4.3M,4.44M,4.56M,4.67M,4.78M,4.91M,5.02M,5.13M,5.23M,5.32M,5.4M,5.5M,5.57M,5.63M,5.69M,5.74M,5.79M,5.82M,5.86M,5.9M,5.86M,5.79M,5.76M,5.73M,5.7M,5.7M,5.7M,5.69M,5.67M,5.65M,5.64M,5.63M,5.54M,5.45M,5.43M,5.42M,5.41M,5.39M,5.38M,5.37M,5.36M,5.35M,5.34M,5.33M,5.33M,5.32M,5.31M,5.3M,5.28M,5.27M,5.26M,5.25M,5.23M,5.07M,4.94M
Bahrain,136k,142k,148k,154k,160k,166k,172k,178k,183k,186k,188k,194k,204k,216k,228k,241k,254k,267k,281k,295k,309k,322k,335k,348k,361k,375k,390k,405k,421k,437k,454k,444k,457k,469k,481k,494k,507k,521k,535k,549k,563k,584k,628k,676k,728k,786k,850k,920k,977k,1.04M,1.09M,1.06M,1.07M,1.11M,1.17M,1.22M,1.27M,1.34M,1.34M,1.33M,1.32M,1.35M,1.37M,1.42M
Bahamas,69.5k,73.9k,78.6k,83.7k,88.7k,93.7k,99.2k,105k,111k,118k,124k,129k,133k,138k,142k,147k,152k,156k,161k,165k,170k,175k,179k,184k,189k,194k,199k,204k,210k,215k,220k,225k,230k,235k,239k,244k,249k,253k,257k,262k,266k,269k,272k,276k,279k,283k,287k,291k,295k,299k,303k,307k,310k,313k,316k,319k,321k,324k,326k,328k,330k,330k,332k,334k
Bosnia and Herzegovina,625k,659k,696k,734k,773k,813k,854k,896k,939k,982k,1.03M,1.07M,1.11M,1.15M,1.2M,1.24M,1.29M,1.33M,1.38M,1.43M,1.47M,1.52M,1.55M,1.57M,1.6M,1.63M,1.65M,1.68M,1.7M,1.73M,1.75M,1.76M,1.69M,1.57M,1.51M,1.52M,1.59M,1.67M,1.71M,1.74M,1.76M,1.78M,1.8M,1.81M,1.81M,1.8M,1.8M,1.79M,1.77M,1.76M,1.74M,1.72M,1.7M,1.68M,1.67M,1.66M,1.65M,1.64M,1.63M,1.63M,1.62M,1.6M,1.6M,1.6M
Belarus,2.66M,2.77M,2.9M,3.02M,3.15M,3.28M,3.42M,3.55M,3.69M,3.83M,3.98M,4.13M,4.29M,4.45M,4.6M,4.74M,4.88M,5.02M,5.17M,5.31M,5.45M,5.59M,5.73M,5.88M,6.03M,6.17M,6.31M,6.46M,6.58M,6.67M,6.72M,6.77M,6.82M,6.88M,6.91M,6.92M,6.94M,6.95M,6.96M,6.97M,6.98M,7M,7M,7M,6.99M,6.99M,6.99M,7.01M,7.02M,7.05M,7.08M,7.11M,7.15M,7.2M,7.25M,7.3M,7.35M,7.39M,7.42M,7.45M,7.46M,7.43M,7.41M,7.41M
Belize,49.3k,50.3k,51.3k,52.4k,53.6k,54.9k,56.3k,57.7k,59.1k,60.5k,61.5k,62.4k,63.1k,63.8k,64.5k,65.4k,66.6k,67.7k,68.9k,70.2k,71.6k,73.2k,74.7k,76.3k,77.8k,79.3k,80.8k,82.3k,83.8k,85.4k,86.9k,88.4k,89.9k,91.3k,92.9k,94.8k,97.2k,100k,103k,106k,109k,113k,116k,120k,123k,127k,130k,134k,138k,141k,145k,148k,151k,155k,158k,162k,166k,170k,174k,177k,180k,183k,187k,192k
Bermuda,42.2k,43.1k,44.2k,45.3k,46.4k,47.5k,48.5k,49.5k,50.4k,51.3k,52.1k,52.6k,52.8k,52.9k,53.1k,53.1k,53.2k,53.3k,53.4k,53.5k,53.7k,54k,54.4k,54.8k,55.2k,55.5k,55.9k,56.3k,56.7k,57.1k,57.6k,58k,58.4k,58.8k,59.2k,59.5k,59.8k,60.2k,60.6k,61.1k,61.5k,61.9k,62.1k,62.4k,62.6k,62.7k,62.8k,63k,63.3k,63.6k,63.7k,63.7k,63.6k,63.6k,63.5k,63.5k,63.4k,63.6k,63.8k,64.1k,64.4k,64.6k,64.7k,64.7k
Bolivia,1.36M,1.4M,1.44M,1.48M,1.53M,1.57M,1.62M,1.67M,1.72M,1.77M,1.83M,1.88M,1.94M,2M,2.06M,2.12M,2.19M,2.28M,2.39M,2.5M,2.62M,2.74M,2.86M,2.98M,3.11M,3.24M,3.38M,3.52M,3.66M,3.81M,3.96M,4.12M,4.28M,4.4M,4.53M,4.66M,4.79M,4.92M,5.05M,5.18M,5.32M,5.45M,5.59M,5.72M,5.86M,6.01M,6.15M,6.3M,6.46M,6.61M,6.76M,6.92M,7.08M,7.23M,7.38M,7.53M,7.68M,7.84M,7.99M,8.14M,8.29M,8.41M,8.55M,8.72M
Brazil,33.4M,35.2M,37M,38.9M,40.8M,42.8M,44.8M,46.9M,49M,51.1M,53.3M,55.6M,58M,60.4M,62.9M,65.4M,68.1M,70.8M,73.6M,76.4M,79.4M,82.3M,85.4M,88.4M,91.5M,94.7M,97.8M,101M,104M,107M,110M,113M,116M,119M,122M,126M,129M,132M,135M,138M,141M,144M,146M,148M,151M,153M,155M,157M,159M,161M,163M,165M,167M,169M,171M,173M,175M,177M,178M,180M,182M,183M,184M,185M
Barbados,84.9k,85.9k,86.8k,87.9k,88.9k,90k,91.2k,92.1k,92.9k,93.4k,93.6k,94.2k,95k,96k,96.8k,97.6k,98.4k,99.1k,99.7k,100k,101k,100k,100k,99.8k,99.4k,99.1k,98.7k,98.3k,97.8k,97.2k,96.6k,96k,95.4k,94.7k,94k,93.2k,92.3k,91.5k,90.5k,89.7k,88.6k,88.3k,88.3k,88.3k,88.3k,88.2k,88.1k,88k,88k,87.9k,87.7k,87.5k,87.4k,87.3k,87.2k,87.2k,87.2k,87.3k,87.4k,87.6k,87.9k,88.2k,88.4k,88.7k
Brunei,38.3k,41.8k,45.5k,49.5k,53.8k,58.3k,63.1k,68.1k,73.4k,78.7k,83.3k,87.5k,90.6k,94.2k,97.8k,101k,105k,109k,113k,117k,121k,125k,129k,134k,139k,144k,149k,154k,159k,164k,170k,175k,181k,187k,194k,200k,206k,213k,219k,226k,232k,239k,245k,251k,257k,263k,268k,274k,281k,287k,294k,301k,307k,313k,318k,324k,329k,335k,340k,345k,350k,355k,359k,363k
Bhutan,8060,8740,9500,10.3k,11.2k,12.2k,13.3k,14.5k,15.8k,17.2k,18.8k,20.5k,22.3k,24.3k,26.5k,28.8k,31.4k,34.1k,37.2k,40.4k,43.9k,47.7k,51.7k,56.1k,60.8k,65.8k,71.2k,77k,83.2k,89.7k,96.6k,103k,104k,104k,109k,113k,118k,125k,133k,142k,152k,162k,172k,183k,194k,205k,213k,220k,228k,236k,244k,252k,261k,269k,278k,286k,295k,303k,311k,318k,326k,334k,341k,349k
Botswana,15.8k,16.4k,16.9k,17.5k,18.8k,22.1k,25.6k,29.8k,34.5k,40k,46.2k,54k,60.3k,67.7k,76.2k,85.6k,96.4k,109k,123k,139k,154k,170k,197k,227k,262k,300k,342k,389k,438k,491k,548k,608k,641k,672k,703k,734k,765k,796k,828k,860k,893k,926k,952k,977k,1M,1.03M,1.06M,1.11M,1.16M,1.21M,1.27M,1.32M,1.37M,1.4M,1.44M,1.48M,1.52M,1.56M,1.6M,1.64M,1.68M,1.72M,1.76M,1.81M
Central African Republic,342k,360k,379k,398k,419k,442k,465k,490k,518k,547k,577k,607k,638k,671k,705k,740k,765k,781k,797k,813k,830k,848k,866k,885k,904k,924k,945k,966k,992k,1.02M,1.06M,1.09M,1.13M,1.17M,1.21M,1.25M,1.28M,1.32M,1.36M,1.4M,1.44M,1.48M,1.51M,1.55M,1.59M,1.63M,1.67M,1.71M,1.76M,1.75M,1.75M,1.79M,1.82M,1.84M,1.85M,1.86M,1.91M,1.96M,2.02M,2.07M,2.12M,2.18M,2.2M,2.25M
Canada,12.4M,12.7M,13.1M,13.5M,13.9M,14.3M,14.8M,15.1M,15.5M,15.8M,16.1M,16.7M,16.9M,17.1M,17.3M,17.5M,17.7M,17.9M,18.1M,18.3M,18.5M,18.8M,19.1M,19.3M,19.5M,19.7M,20M,20.2M,20.5M,20.9M,21.2M,21.5M,21.8M,22.1M,22.5M,22.8M,23.1M,23.4M,23.7M,24M,24.4M,24.8M,25.1M,25.3M,25.6M,25.8M,26.1M,26.4M,26.8M,27.2M,27.5M,27.8M,28.2M,28.5M,28.8M,29M,29.4M,29.7M,30.2M,30.7M,31M,31.2M,31.8M,32.8M
Channel Islands,42.9k,43k,43.1k,43.3k,43.5k,43.7k,43.9k,44.1k,44.2k,44.4k,44.5k,44.6k,44.5k,44.4k,44.2k,44k,43.7k,43.3k,42.9k,42.5k,42k,41.8k,42.1k,42.5k,42.9k,43.3k,43.7k,44k,44.3k,44.6k,44.9k,45.1k,45k,44.8k,44.6k,44.3k,44.3k,44.5k,44.7k,44.9k,45.1k,45.4k,45.8k,46.2k,46.6k,47.1k,47.5k,47.9k,48.4k,48.8k,49.3k,49.7k,49.9k,50.2k,50.4k,50.6k,50.7k,50.8k,51k,51.2k,51.5k,51.7k,52k,52.3k
Switzerland,3.78M,3.87M,3.99M,4.09M,4.18M,4.24M,4.3M,4.37M,4.45M,4.51M,4.56M,4.6M,4.64M,4.67M,4.7M,4.7M,4.68M,4.67M,4.67M,4.68M,4.71M,4.73M,4.76M,4.77M,4.79M,4.8M,4.82M,4.85M,4.88M,4.92M,4.96M,5.02M,5.08M,5.12M,5.15M,5.19M,5.2M,5.21M,5.23M,5.25M,5.27M,5.3M,5.35M,5.39M,5.43M,5.46M,5.5M,5.55M,5.63M,5.7M,5.76M,5.83M,5.89M,5.96M,6.03M,6.11M,6.17M,6.23M,6.28M,6.33M,6.38M,6.44M,6.5M,6.6M
Chile,5.53M,5.72M,5.9M,6.09M,6.27M,6.46M,6.65M,6.84M,7.03M,7.22M,7.41M,7.6M,7.79M,7.98M,8.17M,8.37M,8.56M,8.76M,8.95M,9.15M,9.35M,9.55M,9.74M,9.9M,10.1M,10.2M,10.4M,10.6M,10.8M,11M,11.2M,11.4M,11.6M,11.8M,12.1M,12.3M,12.5M,12.7M,12.9M,13.1M,13.3M,13.5M,13.7M,13.9M,14M,14.2M,14.3M,14.5M,14.6M,14.8M,15M,15.1M,15.3M,15.4M,15.6M,15.8M,16M,16.2M,16.5M,16.8M,17M,17.1M,17.2M,17.3M
China,108M,110M,115M,121M,128M,129M,132M,134M,137M,140M,142M,145M,148M,152M,156M,159M,162M,165M,171M,180M,190M,200M,211M,220M,230M,240M,251M,263M,275M,288M,300M,314M,329M,343M,358M,373M,389M,404M,421M,437M,453M,472M,492M,512M,533M,554M,575M,596M,616M,637M,658M,679M,701M,723M,744M,766M,787M,809M,830M,849M,867M,883M,898M,911M
Cote d'Ivoire,649k,721k,800k,887k,983k,1.09M,1.16M,1.24M,1.33M,1.42M,1.52M,1.64M,1.76M,1.89M,2.03M,2.18M,2.37M,2.56M,2.77M,2.89M,3.03M,3.17M,3.32M,3.48M,3.64M,3.81M,3.98M,4.16M,4.35M,4.57M,4.8M,5.04M,5.29M,5.56M,5.83M,6.12M,6.42M,6.73M,7.06M,7.36M,7.64M,7.92M,8.2M,8.49M,8.78M,9.08M,9.38M,9.69M,10M,10.3M,10.6M,11M,11.3M,11.6M,12M,12.5M,13M,13.5M,13.9M,14.4M,15M,15.5M,16M,16.6M
Cameroon,719k,759k,804k,854k,907k,963k,1.02M,1.09M,1.16M,1.23M,1.31M,1.43M,1.56M,1.7M,1.85M,2.02M,2.18M,2.3M,2.43M,2.56M,2.72M,2.89M,3.03M,3.18M,3.35M,3.54M,3.73M,3.93M,4.11M,4.3M,4.49M,4.69M,4.9M,5.11M,5.33M,5.56M,5.79M,6.03M,6.27M,6.53M,6.79M,7.06M,7.35M,7.65M,7.96M,8.29M,8.62M,8.98M,9.35M,9.74M,10.1M,10.6M,11M,11.4M,11.9M,12.4M,12.9M,13.5M,14M,14.5M,15.1M,15.7M,16.2M,16.8M
"Congo, Dem. Rep.",3.4M,3.53M,3.66M,3.79M,3.93M,4.08M,4.24M,4.41M,4.59M,4.77M,4.96M,5.14M,5.33M,5.53M,5.73M,5.94M,6.16M,6.38M,6.64M,6.94M,7.23M,7.52M,7.82M,8.14M,8.5M,8.91M,9.33M,9.77M,10.2M,10.7M,11.2M,11.8M,12.4M,13M,13.8M,14.6M,15.1M,15.5M,16.2M,17M,17.7M,18.6M,19.4M,20.2M,21.1M,22M,23M,24M,25.1M,26.2M,27.4M,28.7M,30.1M,31.5M,33.1M,34.6M,36.4M,38.2M,40M,41.9M,43.8M,45.8M,48M,50.2M
"Congo, Rep.",334k,350k,368k,386k,406k,426k,448k,471k,495k,520k,547k,575k,605k,637k,670k,704k,737k,770k,804k,839k,875k,912k,950k,988k,1.03M,1.08M,1.12M,1.16M,1.2M,1.25M,1.29M,1.34M,1.39M,1.44M,1.5M,1.55M,1.61M,1.65M,1.71M,1.77M,1.85M,1.94M,2M,2.07M,2.16M,2.25M,2.36M,2.46M,2.56M,2.69M,2.82M,2.94M,3.04M,3.14M,3.24M,3.34M,3.45M,3.56M,3.67M,3.78M,3.9M,4.02M,4.15M,4.28M
Colombia,7.22M,7.68M,8.16M,8.66M,9.18M,9.6M,10M,10.5M,10.9M,11.3M,11.8M,12.2M,12.7M,13.1M,13.6M,14.1M,14.6M,15M,15.6M,16.1M,16.6M,17.2M,17.8M,18.4M,19M,19.6M,20.2M,20.8M,21.3M,21.9M,22.5M,23.2M,23.8M,24.4M,25.1M,25.7M,26.3M,27M,27.6M,28.3M,28.9M,29.5M,30.2M,30.8M,31.4M,32M,32.6M,33.2M,33.8M,34.3M,34.9M,35.5M,36M,36.5M,37M,37.5M,38M,38.7M,39.6M,40.5M,41.2M,41.8M,42.5M,43.1M
Comoros,24.8k,26.9k,29k,31.4k,33.9k,36.5k,39.4k,41.1k,43k,45.1k,47.3k,49.7k,52.3k,55.1k,58k,61.1k,64.3k,67.7k,71.2k,74.8k,78.4k,82.2k,86.1k,90.1k,94.4k,98.9k,104k,108k,113k,119k,124k,129k,132k,134k,137k,139k,141k,143k,146k,148k,151k,153k,156k,159k,162k,165k,169k,172k,175k,179k,183k,187k,192k,196k,202k,207k,212k,218k,223k,229k,236k,242k,249k,256k
Cape Verde,35k,36.5k,38.2k,40.1k,42.2k,44.3k,46.5k,48.8k,51.2k,53.8k,56.3k,58.5k,60.3k,61.9k,63.6k,65.5k,67.5k,69.5k,71.5k,73.5k,76k,81.9k,88.3k,95k,102k,109k,119k,130k,141k,153k,166k,173k,181k,189k,196k,204k,212k,219k,227k,234k,242k,250k,258k,265k,273k,280k,287k,295k,302k,309k,315k,319k,322k,324k,327k,329k,332k,335k,337k,340k,343k,347k,351k,355k
Costa Rica,455k,473k,492k,513k,540k,568k,596k,625k,654k,684k,714k,745k,777k,808k,836k,865k,896k,927k,960k,995k,1.03M,1.07M,1.11M,1.15M,1.19M,1.25M,1.31M,1.37M,1.43M,1.49M,1.56M,1.63M,1.7M,1.78M,1.85M,1.93M,2.01M,2.09M,2.17M,2.25M,2.33M,2.42M,2.52M,2.61M,2.7M,2.8M,2.89M,2.99M,3.08M,3.18M,3.27M,3.36M,3.45M,3.54M,3.62M,3.7M,3.78M,3.86M,3.93M,4M,4.07M,4.12M,4.17M,4.22M
Cuba,4.23M,4.33M,4.43M,4.54M,4.65M,4.77M,4.88M,4.99M,5.1M,5.21M,5.32M,5.48M,5.64M,5.8M,5.95M,6.09M,6.22M,6.35M,6.47M,6.58M,6.68M,6.78M,6.88M,6.99M,7.09M,7.2M,7.32M,7.43M,7.55M,7.68M,7.8M,7.9M,7.96M,8.02M,8.07M,8.12M,8.16M,8.21M,8.26M,8.31M,8.37M,8.42M,8.47M,8.51M,8.55M,8.57M,8.6M,8.61M,8.63M,8.64M,8.65M,8.67M,8.68M,8.68M,8.67M,8.67M,8.67M,8.66M,8.65M,8.64M,8.63M,8.6M,8.56M,8.54M
Cayman Islands,8430,8600,8780,8970,9170,9360,9560,9770,9970,10.2k,10.5k,11.1k,11.8k,12.4k,13.1k,13.8k,14.5k,15.1k,15.7k,16.4k,17.1k,17.9k,18.8k,19.6k,20.5k,21.3k,22.2k,23.1k,24k,24.9k,26k,27.3k,28.6k,30k,31.4k,32.7k,34.1k,35.5k,36.9k,38.3k,39.7k,41.1k,42.5k,43.9k,45.4k,46.8k,48.2k,49.7k,51.2k,52.6k,54.1k,55.6k,57.1k,58.7k,60.2k,61.6k,63.1k,64.5k,65.9k,67.3k,68.7k,70.1k,71.6k,73k
Cyprus,209k,215k,221k,226k,231k,236k,241k,247k,252k,258k,264k,270k,276k,285k,299k,312k,328k,346k,364k,382k,400k,419k,439k,451k,462k,473k,484k,495k,505k,516k,526k,537k,548k,560k,574k,587k,600k,613k,626k,638k,651k,663k,674k,685k,696k,707k,718k,729k,740k,751k,762k,773k,784k,795k,806k,816k,827k,838k,849k,860k,870k,881k,891k,901k
Czech Republic,5.72M,5.76M,5.83M,5.9M,5.99M,6.06M,6.14M,6.21M,6.27M,6.33M,6.35M,6.42M,6.56M,6.71M,6.87M,7.03M,7.19M,7.34M,7.49M,7.63M,7.75M,7.77M,7.78M,7.79M,7.79M,7.79M,7.79M,7.79M,7.8M,7.8M,7.77M,7.75M,7.74M,7.74M,7.73M,7.71M,7.69M,7.66M,7.64M,7.62M,7.59M,7.55M,7.53M,7.52M,7.51M,7.52M,7.53M,7.57M,7.62M,7.66M,7.67M,7.68M,7.69M,7.71M,7.72M,7.75M,7.77M,7.81M,7.84M,7.89M,7.92M,7.8M,7.94M,8.1M
Germany,52M,52.6M,53.1M,53.7M,54.1M,54.7M,55.2M,55.5M,55.8M,56.3M,56.5M,56.6M,57M,57.2M,57.3M,57.1M,56.9M,56.8M,56.8M,56.9M,57M,57.2M,57.3M,57.1M,56.8M,56.5M,56.4M,56.7M,57M,57.5M,58.1M,58.6M,59.1M,59.6M,60M,60.4M,60.7M,61M,61.2M,61.4M,61.6M,61.9M,62.2M,62.4M,62.5M,62.7M,62.8M,62.8M,62.9M,62.9M,62.9M,61.9M,62.1M,62.2M,62.5M,63.1M,63.6M,63.9M,64.1M,64.3M,64.4M,64.5M,65.1M,64.8M
Djibouti,43.3k,46k,49.1k,52.6k,56.7k,61.2k,66k,71k,76.4k,82.5k,89.7k,97.5k,106k,116k,127k,141k,157k,176k,196k,217k,235k,251k,264k,275k,287k,302k,320k,342k,366k,396k,440k,480k,477k,468k,478k,483k,495k,513k,535k,554k,572k,591k,610k,624k,634k,644k,657k,672k,687k,701k,716k,731k,746k,761k,775k,790k,804k,819k,834k,848k,863k,877k,891k,906k
Dominica,22.5k,22.8k,23.1k,23.5k,23.9k,24.2k,24.7k,25.1k,25.6k,26.1k,26.7k,27.4k,28.2k,29k,29.8k,30.5k,31.3k,32.1k,32.8k,33.5k,34.2k,34.9k,36k,37.1k,38.2k,39.3k,40.3k,41.3k,42.2k,43.1k,43.9k,44.7k,44.8k,44.9k,45k,45k,45.1k,45k,45k,44.9k,44.7k,44.6k,44.9k,45.2k,45.5k,45.8k,46k,46.3k,46.5k,46.7k,46.9k,47.2k,47.5k,48.1k,48.8k,49k,48.6k,48.1k,48.1k,48k,48k,48k,47.9k,47.9k
Denmark,3.37M,3.43M,3.49M,3.55M,3.61M,3.67M,3.72M,3.78M,3.83M,3.88M,3.93M,3.98M,4.03M,4.08M,4.12M,4.16M,4.19M,4.22M,4.25M,4.27M,4.29M,4.3M,4.3M,4.3M,4.31M,4.31M,4.32M,4.34M,4.34M,4.35M,4.36M,4.37M,4.39M,4.41M,4.42M,4.45M,4.47M,4.49M,4.51M,4.53M,4.54M,4.56M,4.58M,4.6M,4.62M,4.65M,4.68M,4.71M,4.75M,4.79M,4.82M,4.84M,4.87M,4.9M,4.93M,4.97M,5.02M,5.06M,5.09M,5.12M,5.14M,5.17M,5.22M,5.26M
Dominican Republic,987k,1.05M,1.12M,1.19M,1.26M,1.34M,1.41M,1.5M,1.59M,1.68M,1.77M,1.87M,1.97M,2.08M,2.19M,2.31M,2.43M,2.55M,2.67M,2.8M,2.94M,3.08M,3.19M,3.28M,3.37M,3.46M,3.56M,3.65M,3.75M,3.85M,3.95M,4.05M,4.15M,4.26M,4.39M,4.54M,4.69M,4.85M,5M,5.15M,5.3M,5.46M,5.61M,5.8M,6.01M,6.21M,6.42M,6.62M,6.83M,7.03M,7.24M,7.44M,7.63M,7.82M,8.01M,8.2M,8.38M,8.56M,8.74M,8.91M,9.09M,9.26M,9.42M,9.57M
Algeria,3.49M,3.7M,3.92M,4.15M,4.4M,4.65M,4.89M,5.02M,5.16M,5.3M,5.44M,5.59M,5.75M,5.91M,6.08M,6.32M,6.65M,6.96M,7.32M,7.7M,8.1M,8.54M,9M,9.5M,10M,10.6M,11.1M,11.7M,12.2M,12.7M,13.2M,13.7M,14.3M,14.8M,15.4M,15.9M,16.5M,17M,17.5M,18M,18.5M,19M,19.5M,20M,20.6M,21.1M,21.7M,22.3M,23M,23.7M,24.4M,25.2M,25.9M,26.7M,27.5M,28.4M,29.2M,30M,30.9M,31.7M,32.5M,33.2M,34M,34.7M
Ecuador,1.56M,1.63M,1.7M,1.78M,1.86M,1.94M,2.03M,2.12M,2.22M,2.32M,2.42M,2.52M,2.63M,2.75M,2.87M,3.02M,3.17M,3.33M,3.49M,3.66M,3.83M,4.02M,4.2M,4.39M,4.58M,4.77M,4.96M,5.16M,5.36M,5.56M,5.77M,5.96M,6.15M,6.33M,6.51M,6.7M,6.88M,7.07M,7.26M,7.46M,7.65M,7.85M,8.03M,8.2M,8.37M,8.54M,8.72M,8.9M,9.08M,9.27M,9.45M,9.63M,9.81M,9.98M,10.1M,10.3M,10.5M,10.7M,10.9M,11.1M,11.3M,11.4M,11.5M,11.6M
Egypt,10.2M,10.6M,10.9M,11.3M,11.7M,12.2M,12.6M,13M,13.4M,13.9M,14.4M,14.8M,15.3M,15.8M,16.3M,16.8M,17.4M,17.9M,18.3M,18.8M,19.3M,19.8M,20.4M,21M,21.6M,22.3M,22.9M,23.6M,24.1M,24.7M,25.4M,26M,26.6M,27.1M,27.6M,28.1M,28.6M,29.2M,29.9M,30.6M,31.3M,32M,32.7M,33.4M,34.2M,34.9M,35.6M,36.3M,37M,37.7M,38.4M,39.2M,40M,40.9M,41.8M,42.6M,43.4M,44.3M,45.1M,46M,46.8M,47.6M,48.4M,49.4M
Eritrea,95.3k,101k,106k,113k,119k,126k,133k,141k,146k,152k,158k,164k,170k,177k,184k,190k,198k,205k,214k,222k,231k,240k,250k,259k,269k,285k,302k,320k,341k,362k,384k,376k,365k,390k,416k,456k,496k,518k,543k,569k,597k,635k,678k,729k,784k,828k,866k,906k,958k,999k,1.04M,1.07M,1.1M,1.14M,1.16M,1.19M,1.21M,1.24M,1.28M,1.32M,1.36M,1.41M,1.45M,1.5M
Spain,17.2M,17.6M,18.1M,18.6M,19.1M,19.6M,20.1M,20.7M,21.2M,21.8M,22.3M,22.9M,23.4M,23.9M,24.4M,24.9M,25.4M,25.9M,26.4M,26.8M,27.3M,27.7M,27.9M,28.2M,28.4M,28.5M,28.7M,28.9M,29M,29.2M,29.3M,29.4M,29.6M,29.8M,30M,30.1M,30.3M,30.5M,30.6M,30.8M,30.9M,31.2M,31.7M,32.4M,33.1M,33.7M,34.4M,35.2M,35.8M,36.3M,36.5M,36.8M,36.9M,36.9M,36.9M,37M,37.1M,37.3M,37.6M,38M,38.3M,38.4M,38.8M,39.4M
Estonia,697k,714k,733k,753k,774k,794k,813k,829k,846k,865k,883k,902k,919k,936k,951k,966k,980k,995k,1.01M,1.02M,1.03M,1.04M,1.05M,1.06M,1.07M,1.08M,1.09M,1.1M,1.12M,1.12M,1.12M,1.11M,1.09M,1.06M,1.03M,1.01M,992k,979k,967k,967k,969k,961k,953k,946k,938k,931k,924k,918k,914k,910k,907k,902k,899k,898k,897k,900k,902k,905k,911k,916k,920k,924k,939k,957k
Ethiopia,1.38M,1.46M,1.54M,1.64M,1.74M,1.84M,1.96M,2.08M,2.18M,2.28M,2.39M,2.5M,2.62M,2.75M,2.87M,3M,3.14M,3.26M,3.38M,3.5M,3.58M,3.75M,3.97M,4.16M,4.35M,4.56M,4.79M,5.06M,5.36M,5.68M,6.01M,6.4M,6.8M,7.18M,7.58M,7.96M,8.33M,8.71M,9.1M,9.51M,9.94M,10.4M,10.8M,11.3M,11.8M,12.3M,12.8M,13.4M,14.1M,14.9M,15.7M,16.5M,17.4M,18.3M,19.2M,20.2M,21.2M,22.3M,23.4M,24.6M,25.8M,27.1M,28.4M,29.8M
Finland,2.45M,2.51M,2.57M,2.62M,2.68M,2.72M,2.77M,2.82M,2.87M,2.91M,2.93M,2.98M,3.03M,3.09M,3.14M,3.2M,3.24M,3.29M,3.34M,3.38M,3.43M,3.48M,3.54M,3.6M,3.66M,3.72M,3.77M,3.81M,3.86M,3.91M,3.96M,4M,4.04M,4.07M,4.11M,4.14M,4.16M,4.19M,4.21M,4.23M,4.25M,4.27M,4.29M,4.31M,4.33M,4.35M,4.37M,4.4M,4.43M,4.45M,4.49M,4.54M,4.59M,4.63M,4.65M,4.67M,4.69M,4.7M,4.71M,4.72M,4.73M,4.74M,4.76M,4.79M
Fiji,120k,126k,133k,140k,147k,154k,161k,168k,173k,179k,185k,190k,196k,201k,206k,211k,217k,223k,229k,236k,242k,249k,256k,264k,271k,279k,286k,295k,304k,313k,322k,330k,339k,347k,355k,363k,372k,380k,387k,395k,403k,410k,418k,425k,433k,440k,448k,455k,462k,469k,475k,481k,487k,492k,497k,503k,508k,512k,516k,519k,524k,529k,535k,543k
France,29.3M,30M,30.7M,31.6M,32.6M,33.5M,34.3M,35.2M,35.9M,36.4M,37M,37.5M,38.1M,38.6M,39M,39.4M,39.6M,39.8M,40M,40.3M,40.5M,40.8M,41M,41.2M,41.5M,41.7M,42M,42.3M,42.6M,42.8M,43.1M,43.5M,43.8M,44.1M,44.3M,44.6M,44.9M,45.1M,45.4M,45.7M,46.2M,46.7M,47.2M,47.7M,48.2M,48.7M,49.2M,49.7M,50.1M,50.5M,51M,51.4M,51.8M,52.2M,52.6M,53M,53.3M,53.7M,54M,54.4M,54.7M,55.1M,55.5M,55.8M
Faeroe Islands,7300,7650,8030,8430,8840,9290,9690,9940,10.2k,10.4k,10.7k,11k,11.3k,11.6k,12k,12.3k,12.6k,13k,13.2k,13.3k,13.4k,13.6k,13.7k,13.8k,13.9k,14.1k,14.2k,14.3k,14.4k,14.6k,14.6k,14.8k,15.1k,15.1k,14.9k,14.9k,15.2k,15.6k,15.9k,16.2k,16.6k,17.3k,18k,18.6k,19k,19.2k,19.4k,19.5k,19.7k,19.9k,19.9k,19.9k,19.9k,20k,20.1k,20.4k,20.7k,21k,21.5k,21.9k,22.3k,22.7k,23.1k,23.4k
"Micronesia, Fed. Sts.",9610,10.1k,10.5k,11k,11.5k,11.9k,12.4k,12.9k,13.5k,14k,14.6k,15.2k,15.8k,16.4k,16.9k,17.4k,17.9k,18.5k,19.1k,19.8k,20.5k,21.1k,21.7k,22.3k,22.9k,23.5k,24.1k,24.7k,25.2k,25.6k,26k,26.5k,26.9k,27.4k,27.9k,27.6k,27.1k,26.5k,26k,25.4k,25k,25.1k,25.1k,25.1k,25k,24.9k,24.7k,24.5k,24.3k,24.1k,24k,24k,24.1k,24.2k,24.3k,24.4k,24.6k,24.8k,25k,25.2k,25.4k,25.7k,26k,26.3k
Gabon,89.1k,95k,103k,111k,120k,130k,140k,151k,163k,176k,191k,207k,225k,244k,263k,285k,307k,331k,356k,382k,409k,438k,461k,484k,509k,535k,561k,589k,618k,649k,680k,712k,745k,778k,809k,840k,872k,904k,937k,971k,1.01M,1.04M,1.08M,1.12M,1.16M,1.21M,1.25M,1.3M,1.36M,1.41M,1.47M,1.53M,1.6M,1.67M,1.73M,1.8M,1.86M,1.92M,1.98M,2.04M,2.09M,2.15M,2.21M,2.26M
Isle of Man,26.9k,26.8k,27.1k,27.4k,27.8k,28.2k,28.7k,29.1k,29.7k,30.3k,30.9k,31.3k,31.4k,31.4k,31.5k,31.4k,31.5k,31.9k,32.3k,32.8k,33.2k,33.4k,33.5k,33.5k,33.4k,33.3k,33.5k,34k,34.5k,35.1k,35.7k,36.1k,36.4k,36.6k,36.8k,37k,37.3k,37.8k,38.3k,38.8k,39.2k,39.6k,40.1k,40.5k,40.9k,41.3k,41.7k,42.1k,42.6k,43.1k,43.6k,43.9k,43.9k,43.8k,43.8k,43.7k,43.7k,43.9k,44.1k,44.3k,44.5k,44.6k,44.8k,45k
UK,41.1M,41.4M,41.7M,41.9M,42.1M,42.3M,42.5M,42.6M,42.7M,42.8M,42.9M,43.1M,43.3M,43.5M,43.6M,43.7M,43.8M,43.8M,43.9M,44.1M,44.2M,44.3M,44.2M,44.2M,44.3M,44.3M,44.4M,44.5M,44.5M,44.6M,44.7M,44.9M,45M,45.2M,45.3M,45.5M,45.6M,45.8M,45.9M,46.1M,46.3M,46.6M,46.9M,47.3M,47.8M,48.3M,48.8M,49.4M,49.9M,50.5M,51M,51.6M,52.1M,52.7M,53.2M,53.8M,54.4M,54.9M,55.4M,55.9M,56.3M,56.4M,57.2M,57.9M
Georgia,1.57M,1.61M,1.66M,1.7M,1.74M,1.79M,1.83M,1.86M,1.9M,1.94M,1.98M,2.02M,2.06M,2.1M,2.13M,2.17M,2.21M,2.24M,2.28M,2.31M,2.35M,2.38M,2.42M,2.45M,2.49M,2.53M,2.57M,2.6M,2.64M,2.66M,2.64M,2.65M,2.66M,2.67M,2.62M,2.51M,2.41M,2.32M,2.25M,2.2M,2.15M,2.1M,2.09M,2.09M,2.09M,2.09M,2.1M,2.1M,2.11M,2.1M,2.1M,2.1M,2.1M,2.11M,2.12M,2.14M,2.16M,2.17M,2.18M,2.2M,2.21M,2.22M,2.24M,2.26M
Ghana,1.62M,1.7M,1.79M,1.87M,1.96M,2.05M,2.15M,2.25M,2.36M,2.47M,2.58M,2.68M,2.77M,2.88M,2.98M,3.09M,3.21M,3.33M,3.45M,3.59M,3.72M,3.85M,4M,4.15M,4.31M,4.49M,4.69M,4.9M,5.12M,5.36M,5.61M,5.87M,6.13M,6.41M,6.69M,6.98M,7.28M,7.6M,7.93M,8.27M,8.63M,8.99M,9.39M,9.79M,10.2M,10.6M,11.1M,11.5M,12M,12.4M,12.9M,13.4M,13.9M,14.4M,15M,15.5M,16.1M,16.6M,17.2M,17.7M,18.3M,18.9M,19.4M,20M
Gibraltar,21.8k,21.9k,22.2k,22.8k,23.3k,23.9k,24.4k,25k,25.6k,26.1k,26.6k,27k,27.3k,27.5k,27.8k,28k,28.1k,28.3k,28.4k,28.6k,28.7k,28.7k,28.8k,28.7k,28.6k,28.5k,28.3k,28.1k,27.8k,27.5k,27.2k,26.9k,26.9k,27.1k,27.2k,27.4k,27.5k,27.6k,27.6k,27.7k,27.7k,27.7k,27.8k,28.3k,28.7k,29.2k,29.6k,30k,30.4k,30.8k,31.2k,31.7k,32k,32.4k,32.8k,33.2k,33.7k,34.2k,34.9k,35.5k,36.2k,36.9k,37.6k,38.5k
Guinea,372k,396k,421k,447k,475k,505k,537k,570k,606k,644k,683k,725k,768k,813k,859k,908k,959k,1.01M,1.07M,1.13M,1.19M,1.26M,1.33M,1.4M,1.44M,1.49M,1.55M,1.6M,1.66M,1.72M,1.8M,1.9M,1.98M,2.06M,2.14M,2.23M,2.31M,2.38M,2.45M,2.53M,2.6M,2.66M,2.73M,2.81M,2.9M,2.98M,3.07M,3.17M,3.28M,3.39M,3.5M,3.62M,3.74M,3.87M,4M,4.14M,4.28M,4.43M,4.59M,4.76M,4.93M,5.11M,5.29M,5.49M
Gambia,48.3k,50.4k,52.7k,55.5k,60.7k,66.3k,72.3k,78.9k,86k,93.8k,102k,111k,121k,131k,139k,148k,158k,168k,179k,190k,203k,216k,231k,246k,264k,284k,304k,327k,351k,376k,404k,433k,464k,494k,521k,548k,576k,605k,634k,665k,697k,729k,763k,798k,832k,867k,905k,944k,985k,1.03M,1.07M,1.12M,1.17M,1.22M,1.27M,1.32M,1.37M,1.42M,1.47M,1.52M,1.57M,1.63M,1.68M,1.74M
Guinea-Bissau,78.6k,80.1k,81.9k,83.5k,83.6k,82.5k,82.2k,83.4k,85.7k,87.1k,88.4k,89.7k,90.7k,92.6k,96.8k,104k,112k,121k,130k,137k,148k,159k,171k,184k,198k,213k,228k,245k,262k,281k,300k,322k,341k,356k,371k,385k,397k,409k,421k,434k,448k,462k,477k,493k,510k,527k,546k,565k,585k,606k,628k,651k,676k,701k,726k,753k,779k,806k,833k,861k,890k,919k,948k,979k
Equatorial Guinea,68.9k,71.9k,73.5k,75.3k,77.1k,79k,81.1k,83.2k,85.4k,86.6k,86.5k,85.4k,84k,82.3k,80.6k,78.9k,77.3k,76.4k,76.6k,77.7k,80.5k,84.8k,90.4k,96.7k,106k,115k,125k,134k,144k,154k,165k,176k,188k,200k,214k,231k,250k,271k,293k,316k,345k,381k,420k,460k,504k,547k,589k,633k,680k,731k,784k,838k,893k,936k,981k,1.03M,1.07M,1.12M,1.17M,1.21M,1.25M,1.29M,1.33M,1.38M
Greece,4.66M,4.74M,4.84M,4.94M,5.03M,5.13M,5.24M,5.36M,5.47M,5.56M,5.65M,5.74M,5.82M,5.89M,5.96M,6.06M,6.2M,6.32M,6.45M,6.58M,6.69M,6.79M,6.85M,6.91M,6.96M,7.01M,7.05M,7.09M,7.14M,7.19M,7.29M,7.39M,7.46M,7.52M,7.57M,7.62M,7.66M,7.71M,7.77M,7.81M,7.86M,7.92M,7.99M,8.05M,8.11M,8.18M,8.25M,8.31M,8.37M,8.43M,8.48M,8.51M,8.51M,8.48M,8.46M,8.45M,8.45M,8.47M,8.49M,8.51M,8.53M,8.46M,8.39M,8.39M
Grenada,28.5k,29.1k,29.6k,30k,30.4k,30.7k,30.9k,31k,31.2k,31.5k,31.7k,31.8k,32k,32k,32k,32k,31.9k,31.7k,31.6k,31.4k,31.1k,31k,31.2k,31.4k,31.6k,31.9k,32.2k,32.5k,32.8k,33.1k,33.4k,33.8k,34.3k,34.8k,35.3k,35.8k,36.3k,36.8k,37.3k,37.8k,38.4k,38.8k,38.9k,39.1k,39.2k,39.4k,39.5k,39.7k,39.8k,39.9k,40k,40.2k,40.5k,40.7k,41k,41.3k,41.5k,41.7k,42k,42.2k,42.5k,42.8k,43.1k,43.4k
Greenland,19k,20.2k,21.5k,22.9k,24.3k,25.9k,27.3k,28.8k,30.5k,32.1k,33.8k,34.7k,35.6k,36.2k,36.7k,36.9k,37.1k,37k,37.1k,37.6k,38.2k,39k,39.6k,40.2k,40.9k,41.5k,41.9k,42.6k,43.3k,43.9k,44.3k,44.4k,44.4k,44.4k,44.8k,45.1k,45.3k,45.5k,45.6k,45.7k,45.9k,46.1k,46.5k,46.7k,47k,47.2k,47.2k,47.2k,47.2k,47.4k,48k,48.2k,48.4k,48.3k,48.3k,48.3k,48.5k,48.6k,48.6k,48.9k,49.2k,49.6k,49.7k,50k
Guatemala,1.26M,1.33M,1.4M,1.47M,1.54M,1.6M,1.66M,1.72M,1.79M,1.85M,1.92M,1.99M,2.06M,2.13M,2.2M,2.28M,2.34M,2.42M,2.5M,2.58M,2.67M,2.76M,2.85M,2.95M,3.05M,3.17M,3.28M,3.4M,3.53M,3.66M,3.79M,3.92M,4.06M,4.2M,4.35M,4.5M,4.66M,4.81M,4.97M,5.14M,5.3M,5.47M,5.63M,5.8M,5.97M,6.14M,6.31M,6.49M,6.66M,6.84M,7.02M,7.2M,7.39M,7.59M,7.78M,7.98M,8.19M,8.4M,8.6M,8.8M,9M,9.19M,9.4M,9.62M
Guam,34.9k,36.5k,38.3k,40.1k,42k,43.8k,45.8k,47.7k,49.7k,51.7k,54.7k,60.8k,66.7k,72.4k,77.8k,82.8k,87.5k,91.9k,96k,99.8k,103k,106k,108k,110k,112k,115k,117k,119k,121k,124k,126k,128k,131k,133k,136k,138k,140k,143k,145k,147k,149k,150k,151k,152k,153k,154k,154k,155k,156k,156k,157k,157k,157k,157k,156k,156k,155k,155k,154k,153k,154k,156k,157k,158k
Guyana,165k,169k,173k,177k,181k,186k,190k,194k,198k,203k,207k,210k,214k,217k,220k,223k,226k,229k,232k,234k,236k,236k,235k,234k,233k,232k,230k,228k,226k,224k,222k,221k,221k,221k,221k,221k,221k,221k,220k,220k,219k,219k,218k,216k,214k,212k,209k,207k,205k,202k,200k,197k,197k,198k,199k,201k,202k,204k,211k,216k,216k,219k,222k,224k
"Hong Kong, China",2.65M,2.7M,2.83M,2.94M,3.02M,3.11M,3.15M,3.24M,3.32M,3.38M,3.47M,3.56M,3.65M,3.77M,3.91M,4M,4.07M,4.15M,4.24M,4.49M,4.63M,4.76M,4.85M,4.94M,5M,5.07M,5.21M,5.41M,5.53M,5.63M,5.68M,5.74M,5.8M,5.9M,6.04M,6.16M,6.44M,6.49M,6.54M,6.61M,6.67M,6.71M,6.74M,6.73M,6.78M,6.81M,6.86M,6.92M,6.96M,6.97M,7.02M,7.07M,7.15M,7.18M,7.23M,7.29M,7.34M,7.39M,7.45M,7.51M,7.48M,7.41M,7.35M,7.54M
Honduras,469k,495k,522k,550k,580k,611k,644k,679k,716k,754k,795k,838k,884k,931k,979k,1.03M,1.08M,1.13M,1.18M,1.24M,1.3M,1.36M,1.43M,1.49M,1.56M,1.63M,1.7M,1.78M,1.86M,1.94M,2.02M,2.1M,2.18M,2.27M,2.37M,2.46M,2.56M,2.67M,2.77M,2.88M,2.99M,3.11M,3.23M,3.37M,3.5M,3.63M,3.77M,3.91M,4.05M,4.2M,4.34M,4.49M,4.64M,4.79M,4.94M,5.1M,5.25M,5.41M,5.58M,5.74M,5.91M,6.07M,6.24M,6.41M
Croatia,1.25M,1.29M,1.34M,1.39M,1.44M,1.5M,1.55M,1.61M,1.66M,1.72M,1.77M,1.82M,1.86M,1.9M,1.94M,1.98M,2.02M,2.06M,2.1M,2.14M,2.18M,2.21M,2.24M,2.26M,2.29M,2.32M,2.34M,2.37M,2.39M,2.42M,2.44M,2.41M,2.36M,2.38M,2.42M,2.42M,2.39M,2.39M,2.4M,2.4M,2.39M,2.31M,2.31M,2.32M,2.33M,2.34M,2.35M,2.36M,2.36M,2.37M,2.37M,2.37M,2.36M,2.36M,2.35M,2.33M,2.32M,2.29M,2.27M,2.26M,2.25M,2.25M,2.24M,2.26M
Haiti,602k,628k,655k,683k,712k,743k,775k,808k,842k,878k,916k,955k,978k,999k,1.02M,1.04M,1.06M,1.08M,1.11M,1.13M,1.15M,1.18M,1.2M,1.27M,1.35M,1.44M,1.53M,1.63M,1.73M,1.84M,1.95M,2.07M,2.2M,2.28M,2.37M,2.46M,2.56M,2.65M,2.75M,2.85M,2.96M,3.15M,3.35M,3.56M,3.71M,3.86M,4.02M,4.18M,4.34M,4.51M,4.66M,4.81M,4.98M,5.16M,5.34M,5.52M,5.7M,5.88M,6.06M,6.24M,6.42M,6.59M,6.77M,6.94M
Hungary,5.58M,5.65M,5.71M,5.77M,5.83M,5.89M,5.95M,6.01M,6.08M,6.15M,6.21M,6.28M,6.34M,6.4M,6.48M,6.56M,6.64M,6.72M,6.78M,6.84M,6.88M,6.9M,6.91M,6.92M,6.93M,6.93M,6.94M,6.95M,6.95M,6.9M,6.83M,6.82M,6.8M,6.78M,6.76M,6.74M,6.71M,6.68M,6.66M,6.62M,6.59M,6.59M,6.61M,6.63M,6.66M,6.69M,6.74M,6.78M,6.82M,6.86M,6.89M,6.92M,6.91M,6.92M,6.93M,6.94M,6.95M,6.96M,6.97M,7M,7.01M,7.01M,7M,6.99M
Indonesia,12.9M,13.5M,14.1M,14.7M,15.4M,16M,16.6M,17.4M,18.1M,18.9M,19.7M,20.6M,21.7M,22.9M,24.2M,25.5M,26.8M,28.3M,29.7M,31.3M,32.9M,34.8M,36.8M,39M,41.2M,43.5M,45.9M,48.3M,50.8M,53.4M,56.1M,59M,62.2M,65.4M,68.7M,72.1M,75.7M,79.3M,83.1M,86.9M,90.8M,93.7M,96.8M,99.8M,103M,106M,109M,113M,116M,120M,123M,126M,130M,133M,136M,140M,143M,146M,149M,153M,156M,159M,162M,165M
India,78.1M,80.5M,83.3M,86.2M,89.1M,92.1M,95M,98.1M,101M,104M,108M,112M,116M,121M,125M,130M,136M,141M,147M,153M,159M,165M,170M,176M,182M,188M,194M,201M,207M,214M,221M,228M,235M,242M,248M,256M,263M,270M,277M,285M,293M,301M,310M,319M,328M,338M,347M,356M,365M,375M,385M,394M,404M,415M,425M,435M,446M,457M,468M,479M,490M,501M,511M,523M
Ireland,1.28M,1.28M,1.29M,1.31M,1.32M,1.33M,1.35M,1.39M,1.43M,1.47M,1.52M,1.56M,1.6M,1.63M,1.67M,1.71M,1.75M,1.78M,1.82M,1.86M,1.89M,1.92M,1.94M,1.96M,1.98M,1.99M,2M,2M,2M,1.99M,2M,2.02M,2.04M,2.06M,2.07M,2.09M,2.12M,2.15M,2.18M,2.21M,2.25M,2.3M,2.35M,2.39M,2.45M,2.52M,2.6M,2.68M,2.74M,2.78M,2.81M,2.83M,2.85M,2.87M,2.9M,2.94M,2.98M,3.03M,3.07M,3.13M,3.17M,3.22M,3.32M,3.42M
Iran,7.24M,7.61M,7.99M,8.4M,8.83M,9.28M,9.75M,10.3M,10.8M,11.4M,12M,12.6M,13.3M,14M,14.7M,15.5M,16.3M,17.1M,17.9M,18.8M,19.8M,21.2M,22.7M,23.9M,25.2M,26.5M,27.8M,29.2M,30.4M,31.6M,32.9M,34.1M,35.3M,35.9M,36.5M,37.5M,38.4M,39.4M,40.4M,41.4M,42.5M,43.7M,44.5M,45.5M,47M,48.5M,50.1M,51.4M,52.5M,53.6M,54.7M,55.8M,57M,58.1M,59.4M,60.6M,61.9M,63.3M,64.5M,65.6M,66.6M,67.5M,68.8M,70M
Iraq,3.01M,3.2M,3.41M,3.64M,3.89M,4.15M,4.4M,4.65M,4.91M,5.18M,5.47M,5.77M,6.08M,6.4M,6.74M,7.09M,7.44M,7.82M,8.18M,8.54M,8.91M,9.27M,9.63M,10M,10.4M,10.8M,11.2M,11.6M,11.8M,12.1M,12.3M,12.4M,12.7M,13.3M,13.9M,14.3M,14.7M,15.2M,15.7M,16.2M,16.7M,17.3M,17.8M,18.4M,18.9M,19.5M,19.7M,19.6M,20M,20.7M,21.5M,22.3M,23.4M,24.6M,25.5M,26.3M,27M,27.6M,28.4M,29.1M,29.9M,30.6M,31.4M,32.3M
Iceland,141k,145k,148k,152k,155k,159k,163k,166k,169k,172k,174k,176k,179k,183k,186k,189k,192k,194k,196k,199k,201k,204k,208k,211k,214k,216k,218k,221k,226k,229k,231k,234k,238k,241k,243k,245k,247k,249k,252k,256k,260k,264k,266k,269k,271k,276k,283k,291k,296k,298k,298k,299k,300k,303k,307k,310k,314k,322k,331k,338k,344k,350k,359k,370k
Israel,1.62M,1.7M,1.81M,1.89M,1.99M,2.07M,2.15M,2.26M,2.33M,2.4M,2.5M,2.6M,2.69M,2.81M,2.91M,2.99M,3.08M,3.16M,3.24M,3.34M,3.44M,3.52M,3.6M,3.68M,3.73M,3.8M,3.87M,3.93M,4M,4.08M,4.21M,4.48M,4.64M,4.77M,4.9M,5.04M,5.18M,5.31M,5.44M,5.58M,5.74M,5.88M,6M,6.11M,6.23M,6.34M,6.46M,6.58M,6.7M,6.87M,7M,7.14M,7.27M,7.42M,7.57M,7.72M,7.88M,8.05M,8.21M,8.38M,8.53M,8.68M,8.87M,9.06M
Italy,29.8M,30.2M,30.7M,31.2M,31.7M,32.2M,32.7M,33.2M,33.7M,34.2M,34.6M,35M,35.4M,35.7M,36.1M,36.4M,36.7M,37M,37.2M,37.4M,37.6M,37.8M,37.8M,37.8M,37.8M,37.8M,37.8M,37.8M,37.8M,37.8M,37.8M,37.9M,37.9M,38M,38M,38M,38.1M,38.1M,38.2M,38.2M,38.3M,38.3M,38.4M,38.7M,39M,39.3M,39.5M,39.7M,40.1M,40.3M,40.5M,40.6M,40.9M,41.5M,42.1M,42.2M,42.4M,42.5M,42.6M,42.2M,42.2M,42.2M,42.3M,42.5M
Jamaica,557k,577k,598k,619k,641k,663k,686k,708k,730k,753k,776k,797k,819k,842k,865k,889k,911k,934k,956k,979k,1M,1.03M,1.05M,1.07M,1.09M,1.11M,1.12M,1.14M,1.15M,1.16M,1.18M,1.19M,1.21M,1.23M,1.25M,1.27M,1.28M,1.3M,1.32M,1.34M,1.35M,1.37M,1.38M,1.39M,1.41M,1.42M,1.43M,1.44M,1.45M,1.47M,1.48M,1.49M,1.5M,1.51M,1.52M,1.54M,1.55M,1.56M,1.57M,1.58M,1.59M,1.61M,1.62M,1.63M
Jordan,434k,470k,501k,527k,558k,597k,644k,699k,759k,820k,876k,926k,971k,1.01M,1.05M,1.09M,1.14M,1.18M,1.22M,1.27M,1.34M,1.43M,1.53M,1.63M,1.74M,1.86M,1.99M,2.12M,2.26M,2.41M,2.65M,2.92M,3.12M,3.33M,3.55M,3.72M,3.84M,3.95M,4.04M,4.13M,4.22M,4.3M,4.4M,4.5M,4.61M,4.79M,5.2M,5.62M,5.85M,6.07M,6.28M,6.52M,6.69M,7.12M,7.91M,8.61M,9.06M,9.29M,9.52M,9.73M,9.93M,10.1M,10.3M,10.5M
Japan,59M,60.4M,61.8M,63.4M,64.9M,66.5M,67.9M,69.4M,71M,72.7M,74.3M,76.8M,78.7M,80.7M,82.6M,84.5M,85.6M,86.5M,87.4M,88.2M,89M,89.7M,90.5M,91.3M,92M,92.7M,93.3M,93.9M,94.5M,95M,95.5M,96M,96.6M,97M,97.5M,97.9M,98.3M,98.7M,99.1M,99.4M,99.8M,102M,104M,106M,108M,110M,111M,113M,114M,115M,116M,116M,116M,116M,116M,116M,116M,116M,116M,116M,116M,115M,115M,115M
Kazakhstan,4.17M,4.36M,4.56M,4.76M,4.96M,5.17M,5.38M,5.6M,5.82M,6.04M,6.24M,6.44M,6.64M,6.84M,7.04M,7.2M,7.4M,7.62M,7.85M,8.04M,8.2M,8.36M,8.52M,8.69M,8.86M,8.98M,9.13M,9.29M,9.45M,9.58M,9.65M,9.71M,9.72M,9.67M,9.53M,9.36M,9.18M,8.98M,8.76M,8.66M,8.7M,8.75M,8.81M,8.87M,8.94M,9.02M,9.1M,9.2M,9.31M,9.43M,9.57M,9.71M,9.86M,10M,10.2M,10.3M,10.5M,10.7M,10.9M,11.1M,11.2M,11.4M,11.6M,11.8M
Kenya,567k,604k,645k,694k,746k,804k,865k,931k,1M,1.08M,1.17M,1.27M,1.38M,1.49M,1.61M,1.74M,1.88M,2.04M,2.2M,2.38M,2.5M,2.6M,2.72M,2.83M,2.96M,3.09M,3.22M,3.36M,3.5M,3.65M,3.83M,4.03M,4.23M,4.43M,4.64M,4.86M,5.08M,5.31M,5.55M,5.81M,6.1M,6.4M,6.72M,7.05M,7.4M,7.76M,8.14M,8.53M,8.94M,9.37M,9.81M,10.2M,10.7M,11.2M,11.6M,12.1M,12.6M,13.1M,13.6M,14.1M,14.6M,15.2M,15.7M,16.3M
Kyrgyz Republic,743k,779k,813k,849k,886k,923k,961k,1000k,1.04M,1.08M,1.11M,1.14M,1.17M,1.2M,1.23M,1.26M,1.29M,1.32M,1.35M,1.37M,1.4M,1.42M,1.45M,1.48M,1.5M,1.53M,1.56M,1.59M,1.61M,1.64M,1.66M,1.67M,1.68M,1.67M,1.65M,1.66M,1.67M,1.68M,1.69M,1.71M,1.73M,1.75M,1.76M,1.78M,1.8M,1.82M,1.84M,1.86M,1.88M,1.9M,1.93M,1.96M,2M,2.05M,2.1M,2.16M,2.22M,2.28M,2.34M,2.41M,2.48M,2.54M,2.61M,2.68M
Cambodia,561k,573k,589k,611k,634k,658k,682k,766k,860k,963k,1.06M,1.24M,1.46M,1.7M,1.97M,295k,296k,294k,291k,305k,515k,673k,708k,751k,796k,842k,895k,955k,1.01M,1.08M,1.15M,1.22M,1.32M,1.43M,1.57M,1.73M,1.91M,2.09M,2.21M,2.27M,2.32M,2.37M,2.42M,2.47M,2.52M,2.58M,2.63M,2.69M,2.75M,2.85M,2.94M,3.04M,3.14M,3.25M,3.36M,3.47M,3.58M,3.69M,3.81M,3.92M,4.05M,4.19M,4.32M,4.46M
Kiribati,7680,8180,8700,9260,9860,10.5k,11.1k,11.6k,12.1k,12.9k,13.9k,14.9k,15.9k,17k,17.7k,18.1k,18.4k,18.6k,18.9k,19.3k,19.7k,20.2k,20.7k,21.2k,21.7k,22.3k,23k,23.8k,24.6k,25.4k,26.2k,26.9k,27.6k,28.3k,28.9k,29.6k,30.9k,32.6k,34.4k,36.2k,38.1k,39.3k,40.1k,41k,41.8k,42.7k,44k,45.8k,47.6k,49.6k,51.5k,53.4k,55.1k,56.8k,58.6k,60.3k,62.1k,64.1k,66k,68k,70.1k,72.3k,74.4k,76.6k
St. Kitts and Nevis,15.4k,15.6k,15.7k,15.8k,15.8k,15.8k,15.7k,15.6k,15.5k,15.4k,15.2k,15.2k,15.2k,15.2k,15.2k,15.3k,15.3k,15.3k,15.4k,15.4k,15.4k,15.3k,15.2k,15k,14.9k,14.8k,14.6k,14.5k,14.3k,14.2k,14k,13.9k,14k,14.1k,14.2k,14.3k,14.4k,14.5k,14.6k,14.7k,14.8k,14.9k,14.9k,14.9k,14.9k,14.9k,14.8k,14.8k,14.8k,14.8k,14.7k,14.6k,14.6k,14.6k,14.5k,14.5k,14.5k,14.5k,14.5k,14.5k,14.5k,14.5k,14.5k,14.5k
South Korea,6.93M,7.35M,7.81M,8.29M,8.78M,9.29M,9.82M,10.5M,11.4M,12.2M,13.1M,13.9M,14.6M,15.4M,16.2M,16.9M,17.8M,18.7M,19.7M,20.6M,21.6M,22.6M,23.6M,24.6M,25.6M,26.5M,27.5M,28.5M,29.6M,30.6M,31.7M,32.5M,33.2M,33.9M,34.6M,35.3M,35.8M,36.3M,36.6M,37M,37.4M,37.9M,38.3M,38.6M,38.9M,39.2M,39.5M,39.7M,40.1M,40.4M,40.6M,40.9M,41.1M,41.2M,41.5M,41.6M,41.8M,41.9M,42M,42.2M,42.2M,42.1M,42.1M,42.1M
Kuwait,233k,262k,295k,332k,371k,413k,462k,516k,573k,634k,693k,748k,802k,859k,920k,988k,1.07M,1.16M,1.25M,1.34M,1.43M,1.51M,1.6M,1.69M,1.78M,1.85M,1.93M,2.01M,2.09M,2.17M,1.65M,1.32M,1.6M,1.64M,1.63M,1.65M,1.7M,1.76M,1.82M,1.88M,1.94M,2.01M,2.06M,2.11M,2.16M,2.24M,2.36M,2.51M,2.65M,2.8M,2.94M,3.13M,3.34M,3.51M,3.67M,3.83M,4M,4.15M,4.32M,4.44M,4.4M,4.36M,4.59M,4.85M
Lao,169k,174k,180k,186k,192k,198k,204k,216k,229k,243k,257k,272k,288k,304k,319k,333k,347k,361k,376k,391k,408k,426k,446k,468k,491k,516k,543k,571k,601k,633k,666k,700k,736k,773k,811k,857k,920k,985k,1.05M,1.12M,1.19M,1.27M,1.35M,1.43M,1.52M,1.6M,1.65M,1.71M,1.78M,1.84M,1.9M,1.97M,2.04M,2.11M,2.18M,2.25M,2.33M,2.41M,2.5M,2.58M,2.67M,2.75M,2.84M,2.93M
Lebanon,760k,815k,874k,935k,999k,1.06M,1.13M,1.2M,1.27M,1.35M,1.42M,1.49M,1.57M,1.65M,1.73M,1.8M,1.86M,1.93M,2.01M,2.09M,2.17M,2.25M,2.32M,2.39M,2.47M,2.56M,2.66M,2.76M,2.85M,2.92M,2.99M,3.06M,3.14M,3.22M,3.29M,3.36M,3.44M,3.51M,3.59M,3.65M,3.72M,3.79M,3.85M,3.91M,3.98M,4.05M,4.12M,4.21M,4.29M,4.35M,4.4M,4.46M,4.59M,5.04M,5.58M,5.7M,5.58M,5.45M,5.3M,5.14M,5.07M,5.09M,5.13M,5.16M
Liberia,212k,225k,239k,254k,269k,285k,303k,321k,340k,360k,382k,404k,428k,453k,479k,508k,538k,570k,604k,640k,678k,719k,760k,805k,866k,949k,1.04M,1.13M,1.23M,1.33M,1.23M,1.13M,1.14M,1.12M,1.05M,997k,959k,1.04M,1.17M,1.24M,1.3M,1.35M,1.39M,1.42M,1.44M,1.52M,1.62M,1.71M,1.8M,1.87M,1.94M,2.03M,2.12M,2.19M,2.25M,2.32M,2.39M,2.46M,2.53M,2.6M,2.68M,2.76M,2.85M,2.94M
Libya,408k,439k,472k,507k,542k,607k,679k,756k,841k,934k,1.03M,1.14M,1.25M,1.38M,1.49M,1.61M,1.75M,1.9M,2.05M,2.22M,2.4M,2.59M,2.71M,2.75M,2.84M,2.94M,3.03M,3.12M,3.2M,3.29M,3.37M,3.44M,3.52M,3.59M,3.66M,3.73M,3.79M,3.85M,3.92M,3.98M,4.05M,4.13M,4.22M,4.31M,4.41M,4.52M,4.62M,4.73M,4.84M,4.96M,5.07M,4.97M,4.85M,4.97M,5.08M,5.18M,5.28M,5.38M,5.49M,5.59M,5.69M,5.78M,5.87M,5.96M
St. Lucia,19.9k,20.3k,20.7k,21.2k,21.6k,22.1k,22.6k,23k,23.6k,24.1k,24.7k,25.3k,25.9k,26.5k,27.2k,27.9k,28.6k,29.4k,30.1k,30.9k,31.7k,32.5k,33.3k,34.2k,35.1k,36.1k,37k,38k,38.8k,39.7k,40.5k,41.3k,41.6k,41.9k,42.3k,42.6k,43k,43.3k,43.6k,43.8k,44.1k,44k,42.6k,41.1k,39.6k,38.2k,36.8k,35.4k,34k,32.6k,31.5k,31.7k,31.8k,32k,32.2k,32.4k,32.6k,32.8k,33.1k,33.3k,33.6k,33.8k,34.1k,34.4k
Liechtenstein,3360,3430,3510,3600,3690,3740,3780,3850,3930,3930,3900,3970,4060,4180,4300,4370,4410,4470,4580,4680,4660,4670,4740,4730,4720,4740,4760,4780,4810,4830,4870,4910,4960,5010,5050,5070,5060,5000,4970,4970,4940,4970,5020,5060,5100,5120,5150,5160,5170,5190,5210,5230,5270,5300,5330,5360,5400,5430,5480,5540,5610,5670,5740,5830
Sri Lanka,1.59M,1.64M,1.7M,1.76M,1.81M,1.87M,1.92M,1.98M,2.04M,2.1M,2.16M,2.22M,2.28M,2.34M,2.39M,2.45M,2.51M,2.57M,2.63M,2.7M,2.76M,2.82M,2.85M,2.87M,2.88M,2.89M,2.93M,2.96M,2.99M,3.01M,3.03M,3.05M,3.1M,3.15M,3.19M,3.24M,3.3M,3.36M,3.42M,3.49M,3.55M,3.6M,3.63M,3.66M,3.68M,3.7M,3.72M,3.74M,3.77M,3.79M,3.81M,3.83M,3.85M,3.75M,3.79M,3.83M,3.88M,3.94M,4M,4.05M,4.1M,4.18M,4.22M,4.23M
Lesotho,25.9k,30k,34.9k,40.5k,47k,54.4k,62.3k,67.9k,74k,80.6k,87.7k,95.5k,104k,112k,121k,131k,141k,145k,150k,156k,161k,167k,172k,178k,185k,191k,198k,211k,224k,238k,253k,268k,283k,299k,315k,331k,347k,359k,370k,381k,392k,402k,411k,420k,428k,435k,444k,455k,468k,481k,495k,510k,523k,537k,551k,566k,582k,598k,615k,632k,649k,667k,685k,703k
Lithuania,1.1M,1.14M,1.19M,1.23M,1.28M,1.32M,1.37M,1.42M,1.46M,1.51M,1.56M,1.61M,1.67M,1.73M,1.78M,1.84M,1.89M,1.95M,2.01M,2.05M,2.09M,2.13M,2.17M,2.21M,2.26M,2.31M,2.35M,2.41M,2.46M,2.49M,2.5M,2.5M,2.5M,2.48M,2.46M,2.44M,2.42M,2.4M,2.38M,2.36M,2.34M,2.32M,2.3M,2.28M,2.25M,2.21M,2.18M,2.16M,2.14M,2.11M,2.07M,2.02M,2M,1.98M,1.97M,1.95M,1.93M,1.91M,1.9M,1.9M,1.9M,1.91M,1.94M,1.97M
Luxembourg,218k,222k,226k,230k,234k,239k,242k,244k,247k,249k,252k,257k,262k,267k,272k,277k,281k,283k,286k,289k,291k,294k,294k,295k,295k,296k,297k,299k,302k,305k,309k,314k,320k,325k,332k,339k,343k,347k,352k,359k,367k,375k,381k,387k,395k,403k,411k,420k,429k,439k,449k,461k,474k,487k,500k,514k,526k,541k,553k,566k,577k,587k,600k,614k
Latvia,1.12M,1.16M,1.19M,1.22M,1.26M,1.29M,1.32M,1.34M,1.38M,1.4M,1.43M,1.46M,1.49M,1.52M,1.55M,1.58M,1.6M,1.63M,1.65M,1.67M,1.69M,1.7M,1.71M,1.73M,1.75M,1.77M,1.79M,1.81M,1.83M,1.85M,1.84M,1.83M,1.8M,1.76M,1.74M,1.71M,1.69M,1.67M,1.65M,1.63M,1.61M,1.59M,1.57M,1.55M,1.54M,1.52M,1.51M,1.49M,1.48M,1.45M,1.42M,1.4M,1.38M,1.37M,1.35M,1.34M,1.33M,1.32M,1.31M,1.31M,1.3M,1.29M,1.29M,1.29M
"Macao, China",165k,165k,170k,174k,217k,255k,253k,251k,249k,247k,250k,240k,239k,237k,235k,233k,231k,229k,228k,231k,236k,242k,252k,267k,281k,288k,295k,306k,315k,324k,334k,351k,370k,383k,396k,409k,415k,417k,422k,427k,431k,434k,438k,444k,455k,474k,499k,521k,541k,535k,537k,550k,568k,592k,622k,643k,653k,648k,659k,672k,685k,683k,677k,679k
Morocco,3.41M,3.56M,3.72M,3.88M,4.04M,4.22M,4.4M,4.59M,4.79M,5M,5.22M,5.44M,5.68M,5.93M,6.2M,6.47M,6.75M,7.04M,7.35M,7.68M,8.02M,8.38M,8.75M,9.13M,9.51M,9.9M,10.3M,10.7M,11M,11.4M,11.8M,12.2M,12.6M,13M,13.3M,13.6M,13.9M,14.2M,14.6M,14.9M,15.2M,15.5M,15.8M,16.1M,16.4M,16.7M,17.2M,17.6M,18M,18.4M,18.8M,19.3M,19.7M,20.2M,20.6M,21M,21.5M,21.9M,22.4M,22.8M,23.2M,23.7M,24.1M,24.6M
Monaco,21.8k,21.9k,22.1k,22.4k,22.7k,22.9k,23.1k,23.2k,23.4k,23.8k,24.2k,24.6k,24.9k,25.1k,25.2k,25.5k,25.9k,26.3k,26.6k,26.9k,27.1k,27.3k,27.6k,28k,28.4k,28.7k,29.1k,29.4k,29.8k,30.1k,30.4k,30.6k,30.9k,31.1k,31.4k,31.6k,31.8k,32.1k,32.3k,32.4k,32.5k,32.4k,32.4k,32.4k,32.3k,32.2k,32.1k,31.8k,31.8k,32.4k,33.2k,33.9k,34.7k,35.4k,36.1k,36.8k,37.3k,37.7k,38.2k,38.1k,38k,38.5k,38.9k,39k
Moldova,482k,509k,537k,566k,595k,624k,655k,686k,718k,751k,782k,809k,837k,867k,898k,930k,963k,997k,1.03M,1.06M,1.09M,1.13M,1.16M,1.19M,1.22M,1.26M,1.3M,1.33M,1.37M,1.39M,1.39M,1.39M,1.39M,1.38M,1.38M,1.37M,1.36M,1.34M,1.33M,1.32M,1.3M,1.29M,1.27M,1.26M,1.25M,1.24M,1.23M,1.23M,1.22M,1.22M,1.22M,1.22M,1.22M,1.22M,1.21M,1.21M,1.19M,1.17M,1.15M,1.14M,1.13M,1.12M,1.09M,1.07M
Madagascar,544k,576k,609k,644k,681k,720k,762k,802k,846k,892k,941k,998k,1.06M,1.12M,1.19M,1.26M,1.34M,1.41M,1.49M,1.58M,1.67M,1.76M,1.86M,1.96M,2.07M,2.18M,2.3M,2.43M,2.56M,2.69M,2.84M,3M,3.16M,3.33M,3.48M,3.62M,3.78M,3.95M,4.12M,4.3M,4.48M,4.67M,4.85M,5.05M,5.25M,5.52M,5.81M,6.1M,6.42M,6.74M,7.08M,7.44M,7.8M,8.17M,8.55M,8.95M,9.36M,9.78M,10.2M,10.7M,11.2M,11.6M,12.1M,12.7M
Maldives,10.2k,10.5k,10.8k,11.1k,11.5k,11.9k,12.4k,12.8k,13.4k,14k,14.7k,16.3k,18.1k,20.2k,22.4k,24.8k,27.4k,30.3k,32.8k,34.6k,36.7k,38.8k,41.1k,43.5k,46k,48.5k,50.4k,52.3k,54.3k,56.2k,58.1k,59.7k,61.3k,62.8k,64.2k,65.8k,68.2k,70.6k,73k,75.3k,78.1k,82.8k,87.6k,92.7k,97.9k,103k,109k,114k,120k,125k,131k,138k,144k,151k,158k,165k,173k,180k,188k,196k,204k,212k,218k,221k
Mexico,18.6M,19.5M,20.5M,21.5M,22.6M,23.7M,24.9M,26.1M,27.4M,28.7M,30M,31.3M,32.7M,34.1M,35.6M,37M,38.5M,40M,41.5M,43.1M,44.6M,46.1M,47.5M,48.9M,50.3M,51.7M,53.2M,54.7M,56.2M,57.6M,59.1M,60.6M,62.1M,63.6M,65.1M,66.7M,68.1M,69.5M,70.9M,72.3M,73.7M,75.1M,76.5M,77.9M,79.3M,80.7M,82.2M,83.7M,85.2M,86.8M,88.4M,90M,91.6M,93.1M,94.6M,96M,97.3M,98.6M,99.9M,101M,102M,103M,105M,106M
Marshall Islands,5230,5630,6040,6480,6950,7420,7910,8510,9580,10.8k,12.1k,13.1k,14.1k,15k,15.5k,15.9k,16.3k,16.7k,17.1k,17.5k,17.9k,18.8k,19.9k,21k,22.2k,23.4k,24.6k,25.9k,27.2k,28.2k,29k,29.8k,30.5k,31.1k,31.7k,32.2k,32.7k,33.2k,33.7k,34.2k,34.8k,35.3k,35.8k,36.2k,36.6k,36.9k,37.2k,37.5k,37.8k,38k,38.3k,38.4k,38.3k,38k,37.5k,37k,36.4k,35.7k,34.9k,34.1k,33.2k,32.3k,31.5k,30.6k
North Macedonia,488k,512k,537k,562k,590k,619k,649k,681k,714k,748k,783k,816k,839k,862k,885k,909k,934k,959k,983k,1.01M,1.03M,1.06M,1.08M,1.09M,1.11M,1.12M,1.14M,1.15M,1.17M,1.18M,1.19M,1.2M,1.19M,1.19M,1.19M,1.19M,1.2M,1.18M,1.18M,1.19M,1.19M,1.19M,1.17M,1.17M,1.16M,1.15M,1.14M,1.14M,1.13M,1.12M,1.11M,1.11M,1.1M,1.1M,1.1M,1.1M,1.1M,1.1M,1.09M,1.09M,1.09M,1.08M,1.08M,1.09M
Mali,598k,623k,649k,676k,704k,733k,764k,795k,828k,863k,899k,937k,977k,1.02M,1.06M,1.11M,1.16M,1.21M,1.27M,1.33M,1.39M,1.46M,1.53M,1.6M,1.68M,1.76M,1.84M,1.92M,1.99M,2.06M,2.14M,2.22M,2.31M,2.4M,2.5M,2.6M,2.7M,2.81M,2.94M,3.1M,3.28M,3.46M,3.66M,3.87M,4.1M,4.34M,4.59M,4.86M,5.14M,5.43M,5.74M,6.06M,6.38M,6.7M,7.06M,7.44M,7.83M,8.24M,8.66M,9.09M,9.53M,10M,10.5M,11M
Malta,294k,293k,292k,290k,289k,286k,283k,279k,276k,273k,271k,272k,271k,271k,271k,273k,274k,276k,278k,281k,284k,286k,293k,297k,297k,302k,308k,310k,313k,317k,320k,329k,333k,337k,340k,343k,346k,350k,354k,357k,360k,364k,368k,371k,375k,378k,380k,382k,385k,388k,390k,392k,396k,402k,410k,420k,430k,442k,459k,477k,488k,492k,504k,525k
Myanmar,4.18M,4.35M,4.52M,4.7M,4.89M,5.09M,5.3M,5.51M,5.74M,5.97M,6.21M,6.46M,6.71M,6.94M,7.08M,7.22M,7.36M,7.51M,7.66M,7.81M,7.97M,8.12M,8.27M,8.45M,8.69M,8.93M,9.16M,9.39M,9.61M,9.83M,10.1M,10.3M,10.5M,10.7M,10.9M,11.1M,11.4M,11.6M,11.8M,12M,12.2M,12.5M,12.7M,12.9M,13.1M,13.3M,13.4M,13.6M,13.8M,14M,14.2M,14.4M,14.6M,14.8M,15M,15.3M,15.5M,15.7M,16M,16.2M,16.5M,16.8M,17.1M,17.4M
Montenegro,90.3k,95.8k,102k,108k,114k,119k,123k,127k,130k,133k,138k,143k,150k,157k,165k,173k,180k,188k,195k,203k,211k,220k,229k,238k,248k,256k,264k,271k,278k,284k,291k,298k,306k,313k,320k,326k,332k,338k,343k,349k,354k,362k,369k,377k,381k,384k,386k,389k,392k,395k,397k,400k,402k,405k,407k,409k,412k,414k,416k,418k,419k,420k,421k,422k
Mongolia,349k,380k,414k,440k,458k,476k,496k,517k,538k,560k,584k,609k,635k,664k,693k,724k,756k,790k,823k,855k,886k,918k,951k,985k,1.02M,1.06M,1.1M,1.14M,1.18M,1.21M,1.2M,1.23M,1.23M,1.23M,1.24M,1.26M,1.28M,1.3M,1.32M,1.33M,1.36M,1.41M,1.45M,1.5M,1.54M,1.59M,1.63M,1.68M,1.73M,1.79M,1.85M,1.89M,1.93M,1.97M,2.02M,2.07M,2.11M,2.15M,2.2M,2.24M,2.28M,2.33M,2.37M,2.41M
Northern Mariana Islands,4470,4740,5040,5350,5680,6030,6390,6630,6760,6730,7130,8180,9480,10.7k,11.6k,12.1k,12.7k,13.2k,13.7k,14.2k,15.3k,17.3k,19.5k,21.9k,24.3k,26.7k,29.2k,31.8k,34.4k,37k,38.9k,39.8k,40.5k,41.2k,41.9k,43.1k,46.4k,50.8k,55.1k,59.3k,61.6k,61.3k,60.3k,59.1k,57.9k,56.5k,55k,53.5k,51.9k,50.3k,49.2k,48.8k,48.5k,48.1k,47.6k,47.1k,46.4k,45.7k,45k,44.1k,43.6k,43.2k,42.4k,41.6k
Mozambique,461k,482k,505k,529k,555k,582k,611k,641k,673k,706k,742k,786k,841k,900k,966k,1.04M,1.11M,1.2M,1.3M,1.4M,1.49M,1.63M,1.78M,1.94M,2.11M,2.3M,2.5M,2.67M,2.84M,3.04M,3.27M,3.4M,3.54M,3.72M,4.06M,4.39M,4.62M,4.84M,4.98M,5.13M,5.28M,5.43M,5.58M,5.75M,5.92M,6.09M,6.27M,6.46M,6.73M,7.01M,7.32M,7.65M,7.99M,8.36M,8.74M,9.13M,9.55M,9.99M,10.4M,10.9M,11.4M,11.9M,12.5M,13M
Mauritania,56.7k,62.9k,69.8k,77.5k,86k,95.4k,106k,118k,130k,145k,160k,177k,196k,216k,239k,263k,289k,316k,343k,372k,403k,437k,473k,511k,552k,596k,642k,691k,734k,751k,768k,788k,816k,847k,873k,895k,910k,927k,949k,971k,995k,1.03M,1.08M,1.13M,1.18M,1.24M,1.3M,1.36M,1.43M,1.5M,1.58M,1.66M,1.75M,1.84M,1.93M,2.03M,2.12M,2.22M,2.33M,2.44M,2.55M,2.66M,2.78M,2.9M
Mauritius,238k,244k,256k,268k,280k,292k,304k,316k,328k,340k,352k,364k,376k,379k,383k,388k,392k,396k,399k,404k,409k,413k,416k,418k,425k,432k,438k,445k,451k,458k,465k,469k,473k,478k,483k,486k,489k,494k,498k,503k,506k,509k,511k,514k,516k,517k,518k,519k,520k,520k,520k,519k,519k,519k,518k,518k,517k,517k,516k,516k,516k,516k,515k,515k
Malawi,159k,167k,175k,183k,192k,201k,211k,226k,243k,261k,280k,301k,324k,349k,376k,405k,436k,471k,502k,533k,567k,604k,643k,684k,728k,774k,822k,882k,957k,1.03M,1.1M,1.17M,1.24M,1.29M,1.31M,1.35M,1.41M,1.48M,1.55M,1.6M,1.65M,1.7M,1.76M,1.81M,1.87M,1.93M,2M,2.07M,2.14M,2.22M,2.3M,2.39M,2.48M,2.58M,2.68M,2.79M,2.9M,3.02M,3.14M,3.27M,3.4M,3.55M,3.7M,3.86M
Malaysia,2.12M,2.22M,2.34M,2.46M,2.58M,2.71M,2.84M,2.98M,3.11M,3.26M,3.41M,3.57M,3.75M,3.93M,4.12M,4.32M,4.53M,4.74M,4.96M,5.2M,5.46M,5.74M,6.03M,6.34M,6.66M,7M,7.36M,7.72M,8.1M,8.49M,8.88M,9.28M,9.76M,10.3M,10.8M,11.3M,11.9M,12.4M,13M,13.6M,14.2M,14.8M,15.4M,16M,16.6M,17.2M,17.8M,18.5M,19.1M,19.7M,20.3M,20.9M,21.4M,22M,22.6M,23.2M,23.8M,24.4M,25M,25.6M,26.1M,26.6M,27.1M,27.7M
Namibia,106k,111k,115k,121k,126k,132k,139k,146k,153k,161k,169k,176k,184k,191k,200k,208k,217k,225k,232k,239k,246k,252k,259k,268k,278k,289k,301k,314k,328k,353k,379k,395k,414k,435k,456k,478k,499k,521k,543k,566k,589k,611k,638k,666k,693k,720k,749k,779k,811k,843k,878k,915k,959k,1.01M,1.06M,1.11M,1.17M,1.23M,1.29M,1.35M,1.42M,1.49M,1.56M,1.63M
New Caledonia,29.8k,32k,34.3k,36.7k,39.1k,41.6k,44.2k,47k,49.9k,52.9k,56k,59.6k,63.3k,67.3k,71.5k,75.8k,79.4k,81.4k,82.9k,84.5k,86k,87.6k,89k,90.7k,92.5k,94.3k,96.1k,98k,99.9k,102k,105k,108k,111k,115k,118k,121k,124k,127k,131k,135k,138k,142k,145k,149k,153k,156k,160k,164k,167k,171k,176k,180k,185k,190k,194k,196k,198k,199k,200k,202k,203k,205k,208k,211k
Niger,203k,213k,223k,239k,257k,276k,296k,321k,348k,377k,409k,443k,479k,519k,561k,607k,657k,711k,753k,788k,825k,863k,903k,945k,989k,1.03M,1.08M,1.13M,1.19M,1.23M,1.27M,1.32M,1.37M,1.42M,1.47M,1.53M,1.59M,1.65M,1.72M,1.79M,1.86M,1.94M,2.01M,2.08M,2.16M,2.23M,2.32M,2.4M,2.49M,2.59M,2.68M,2.79M,2.89M,3M,3.12M,3.24M,3.37M,3.5M,3.64M,3.79M,3.94M,4.1M,4.28M,4.46M
Nigeria,6.94M,7.19M,7.45M,7.72M,8M,8.29M,8.59M,8.9M,9.23M,9.57M,9.93M,10.4M,10.9M,11.4M,11.9M,12.5M,13.2M,13.9M,14.6M,15.4M,16.2M,17.2M,18.3M,19.4M,20.5M,21.8M,23M,24.4M,25.8M,27.3M,28.8M,30.1M,31.4M,32.8M,34.2M,35.7M,37.2M,38.8M,40.5M,42.2M,44M,46.3M,48.7M,51.3M,53.9M,56.7M,59.5M,62.6M,65.7M,69M,72.5M,76M,79.7M,83.5M,87.3M,91.2M,95.1M,99.2M,103M,107M,111M,115M,119M,124M
Nicaragua,705k,735k,766k,800k,841k,885k,931k,980k,1.03M,1.08M,1.14M,1.19M,1.24M,1.28M,1.33M,1.38M,1.43M,1.48M,1.53M,1.58M,1.64M,1.69M,1.75M,1.8M,1.86M,1.92M,1.97M,2.03M,2.09M,2.15M,2.21M,2.27M,2.34M,2.4M,2.46M,2.53M,2.58M,2.63M,2.68M,2.73M,2.77M,2.82M,2.86M,2.9M,2.94M,2.99M,3.04M,3.1M,3.15M,3.21M,3.27M,3.32M,3.38M,3.44M,3.5M,3.56M,3.62M,3.68M,3.75M,3.81M,3.87M,3.94M,4.01M,4.08M
Netherlands,6.86M,6.99M,7.11M,7.23M,7.35M,7.47M,7.59M,7.7M,7.8M,7.92M,8.04M,8.17M,8.29M,8.41M,8.52M,8.63M,8.75M,8.84M,8.94M,9.05M,9.16M,9.28M,9.38M,9.47M,9.57M,9.67M,9.78M,9.9M,10M,10.1M,10.3M,10.4M,10.7M,10.9M,11.1M,11.3M,11.4M,11.6M,11.8M,12M,12.2M,12.5M,12.8M,13M,13.3M,13.5M,13.7M,13.8M,14M,14.3M,14.5M,14.7M,14.8M,15M,15.1M,15.3M,15.4M,15.6M,15.8M,15.9M,16.1M,16.2M,16.4M,16.7M
Curaçao,93.3k,94.7k,96.9k,99.3k,102k,104k,105k,107k,109k,111k,114k,116k,117k,117k,118k,120k,120k,121k,120k,120k,121k,122k,124k,125k,126k,127k,128k,127k,126k,124k,123k,123k,123k,124k,126k,127k,129k,131k,129k,126k,121k,117k,117k,120k,122k,125k,128k,130k,132k,132k,134k,135k,136k,138k,139k,141k,143k,143k,142k,140k,138k,136k,134k,132k
Norway,1.79M,1.84M,1.92M,1.99M,2.07M,2.14M,2.22M,2.3M,2.38M,2.46M,2.53M,2.58M,2.62M,2.66M,2.7M,2.73M,2.76M,2.8M,2.83M,2.85M,2.88M,2.9M,2.92M,2.93M,2.95M,2.96M,2.98M,3M,3.02M,3.04M,3.05M,3.08M,3.11M,3.15M,3.19M,3.22M,3.24M,3.28M,3.32M,3.37M,3.41M,3.45M,3.48M,3.52M,3.55M,3.59M,3.63M,3.68M,3.74M,3.81M,3.87M,3.94M,4.01M,4.08M,4.15M,4.21M,4.27M,4.32M,4.37M,4.42M,4.46M,4.51M,4.57M,4.64M
Nepal,352k,368k,380k,392k,404k,418k,431k,445k,460k,476k,492k,509k,545k,584k,626k,670k,718k,769k,824k,883k,947k,1.02M,1.08M,1.15M,1.22M,1.29M,1.37M,1.45M,1.54M,1.63M,1.73M,1.84M,1.97M,2.12M,2.27M,2.42M,2.58M,2.75M,2.92M,3.1M,3.29M,3.48M,3.61M,3.73M,3.86M,3.99M,4.11M,4.23M,4.35M,4.47M,4.58M,4.7M,4.81M,4.92M,5.03M,5.16M,5.3M,5.42M,5.54M,5.73M,5.96M,6.19M,6.37M,6.5M
Nauru,4610,4770,4980,5230,5520,5830,6040,6140,6330,6580,6710,6760,6810,6870,6920,6990,7060,7160,7300,7470,7650,7840,8040,8220,8380,8550,8740,8950,9170,9390,9620,9850,10k,10.1k,10.1k,10.2k,10.2k,10.2k,10.2k,10.2k,10.2k,10.1k,10.1k,10.1k,10.1k,10k,10k,10k,10k,10k,10k,10.1k,10.3k,10.5k,10.7k,11k,11.2k,11.3k,11.5k,11.6k,11.6k,11.7k,11.8k,11.9k
New Zealand,1.8M,1.85M,1.91M,1.97M,2.02M,2.07M,2.13M,2.18M,2.21M,2.24M,2.28M,2.32M,2.38M,2.43M,2.49M,2.55M,2.58M,2.59M,2.6M,2.59M,2.6M,2.61M,2.64M,2.67M,2.7M,2.72M,2.72M,2.75M,2.77M,2.79M,2.82M,2.97M,3.01M,3.05M,3.09M,3.14M,3.2M,3.24M,3.28M,3.3M,3.32M,3.34M,3.4M,3.47M,3.53M,3.57M,3.62M,3.65M,3.68M,3.71M,3.75M,3.77M,3.8M,3.83M,3.9M,3.98M,4.07M,4.16M,4.24M,4.31M,4.41M,4.44M,4.45M,4.54M
Oman,87k,94.3k,102k,111k,120k,131k,142k,154k,167k,181k,197k,213k,231k,250k,272k,298k,326k,358k,394k,433k,476k,523k,574k,630k,689k,757k,833k,912k,994k,1.08M,1.17M,1.26M,1.35M,1.44M,1.49M,1.52M,1.55M,1.57M,1.59M,1.61M,1.63M,1.65M,1.67M,1.69M,1.73M,1.78M,1.83M,1.89M,1.95M,2M,2.07M,2.34M,2.75M,3.02M,3.21M,3.4M,3.62M,3.79M,3.89M,3.92M,3.9M,3.92M,4.15M,4.46M
Pakistan,10.1M,10.6M,11M,11.4M,11.8M,12.3M,12.8M,13.3M,13.8M,14.4M,14.9M,15.5M,16.1M,16.8M,17.5M,18.3M,19.1M,20M,20.9M,21.9M,23.1M,24.4M,25.5M,26.6M,27.7M,28.8M,30.1M,31.4M,32.7M,34.1M,35.5M,37M,38.4M,39.8M,41.3M,42.8M,44.5M,46.1M,47.7M,49.4M,51.1M,52.8M,54.5M,56.1M,57.9M,59.6M,61.4M,63.4M,65.5M,67.6M,69.7M,71.7M,73.5M,75.2M,76.7M,78.3M,79.8M,81.4M,83.2M,85.2M,87.3M,89.7M,92M,94.2M
Panama,464k,485k,508k,532k,556k,582k,608k,635k,663k,692k,721k,746k,771k,797k,823k,850k,876k,903k,931k,959k,988k,1.02M,1.05M,1.08M,1.11M,1.15M,1.18M,1.22M,1.25M,1.29M,1.32M,1.37M,1.42M,1.48M,1.53M,1.58M,1.64M,1.7M,1.75M,1.81M,1.87M,1.92M,1.97M,2.01M,2.06M,2.11M,2.16M,2.21M,2.26M,2.31M,2.36M,2.42M,2.47M,2.53M,2.58M,2.64M,2.7M,2.76M,2.82M,2.88M,2.94M,2.99M,3.04M,3.1M
Peru,4.76M,4.96M,5.23M,5.51M,5.8M,6.1M,6.41M,6.73M,7.07M,7.41M,7.75M,8.09M,8.46M,8.78M,9.1M,9.42M,9.76M,10.1M,10.5M,10.8M,11.2M,11.6M,12M,12.4M,12.7M,13.1M,13.5M,13.9M,14.3M,14.7M,15.2M,15.6M,16M,16.4M,16.8M,17.3M,17.7M,18.1M,18.6M,19M,19.4M,19.8M,20.2M,20.5M,20.8M,21.1M,21.4M,21.6M,21.8M,22M,22.2M,22.5M,22.7M,23M,23.2M,23.6M,23.9M,24.3M,24.9M,25.3M,25.7M,26M,26.3M,26.7M
Philippines,8.45M,8.8M,9.16M,9.53M,9.92M,10.3M,10.7M,11.1M,11.5M,12M,12.4M,12.9M,13.4M,13.9M,14.4M,15M,15.5M,16.1M,16.7M,17.3M,18M,18.9M,19.9M,21M,22.2M,23.3M,24.5M,25.7M,27M,28.3M,29.5M,30.2M,30.9M,31.6M,32.2M,32.8M,33.6M,34.3M,35.1M,35.9M,36.7M,37.5M,38.2M,38.9M,39.6M,40.2M,40.8M,41.5M,42.1M,42.8M,43.7M,44.7M,45.8M,46.9M,47.8M,48.7M,49.6M,50.5M,51.3M,52.2M,53.1M,53.9M,54.7M,55.5M
Palau,5300,5460,5620,5790,5970,6150,6330,6470,6550,6630,6790,7060,7350,7600,7720,7740,7740,7730,7710,7680,7680,7860,8180,8510,8860,9220,9560,9830,10.1k,10.3k,10.6k,10.9k,11.2k,11.6k,11.9k,12.3k,12.6k,12.9k,13.1k,13.3k,13.5k,13.6k,13.6k,13.7k,13.9k,14.1k,14.1k,14k,14k,13.9k,13.8k,13.7k,13.5k,13.6k,13.7k,13.9k,14k,14.1k,14.2k,14.3k,14.4k,14.5k,14.6k,14.6k
Papua New Guinea,74.3k,82.3k,91k,101k,111k,122k,135k,157k,182k,212k,245k,284k,297k,310k,323k,336k,350k,364k,378k,393k,409k,423k,438k,454k,470k,487k,505k,523k,542k,561k,584k,596k,610k,624k,639k,654k,669k,685k,700k,715k,731k,755k,780k,805k,831k,857k,883k,910k,938k,966k,994k,1.02M,1.05M,1.08M,1.11M,1.14M,1.17M,1.2M,1.24M,1.27M,1.31M,1.35M,1.39M,1.43M
Poland,14.2M,14.5M,14.8M,15.1M,15.5M,15.8M,16M,16.3M,16.6M,16.8M,17M,17.3M,17.6M,18M,18.4M,18.8M,19.2M,19.6M,20M,20.3M,20.7M,21M,21.3M,21.7M,22M,22.3M,22.6M,22.9M,23.1M,23.2M,23.4M,23.5M,23.5M,23.6M,23.7M,23.7M,23.8M,23.8M,23.8M,23.8M,23.6M,23.6M,23.6M,23.6M,23.5M,23.5M,23.4M,23.3M,23.3M,23.3M,23.2M,23.1M,23.1M,23M,23M,22.9M,22.8M,22.8M,22.8M,22.8M,22.8M,22.2M,22.1M,22.1M
Puerto Rico,1.05M,1.1M,1.16M,1.22M,1.28M,1.34M,1.39M,1.44M,1.48M,1.53M,1.59M,1.64M,1.69M,1.76M,1.82M,1.88M,1.94M,1.99M,2.04M,2.1M,2.17M,2.33M,2.47M,2.61M,2.73M,2.85M,2.95M,3.05M,3.14M,3.22M,3.29M,3.32M,3.34M,3.38M,3.41M,3.45M,3.5M,3.53M,3.56M,3.58M,3.6M,3.6M,3.6M,3.61M,3.6M,3.6M,3.58M,3.56M,3.53M,3.51M,3.49M,3.45M,3.41M,3.37M,3.31M,3.25M,3.19M,3.11M,2.99M,2.99M,3.07M,3.05M,3.01M,3M
North Korea,4.71M,4.94M,5.17M,5.42M,5.68M,5.96M,6.25M,6.57M,7.04M,7.62M,8.22M,8.52M,8.82M,9.11M,9.37M,9.62M,9.78M,9.93M,10.1M,10.2M,10.4M,10.6M,10.7M,10.9M,11.1M,11.3M,11.5M,11.7M,11.9M,12.1M,12.3M,12.5M,12.8M,13M,13.2M,13.4M,13.5M,13.7M,13.8M,13.9M,14.1M,14.2M,14.3M,14.4M,14.5M,14.6M,14.7M,14.8M,14.9M,15M,15.1M,15.2M,15.3M,15.4M,15.6M,15.7M,15.8M,15.9M,16.1M,16.2M,16.3M,16.4M,16.6M,16.7M
Portugal,3.1M,3.16M,3.21M,3.26M,3.3M,3.32M,3.33M,3.34M,3.36M,3.36M,3.37M,3.39M,3.42M,3.45M,3.54M,3.71M,3.85M,3.93M,4.01M,4.09M,4.18M,4.26M,4.34M,4.41M,4.48M,4.54M,4.6M,4.65M,4.7M,4.74M,4.78M,4.83M,4.89M,4.96M,5.04M,5.12M,5.21M,5.3M,5.39M,5.49M,5.6M,5.7M,5.8M,5.89M,5.97M,6.04M,6.12M,6.19M,6.27M,6.34M,6.4M,6.46M,6.49M,6.52M,6.55M,6.58M,6.62M,6.66M,6.71M,6.76M,6.83M,6.93M,7.03M,7.18M
Paraguay,670k,688k,706k,726k,748k,770k,793k,816k,838k,862k,885k,909k,935k,971k,1.01M,1.05M,1.09M,1.13M,1.18M,1.22M,1.27M,1.33M,1.38M,1.44M,1.51M,1.58M,1.65M,1.73M,1.8M,1.88M,1.97M,2.05M,2.13M,2.22M,2.3M,2.39M,2.47M,2.56M,2.65M,2.74M,2.82M,2.9M,2.98M,3.03M,3.09M,3.14M,3.19M,3.24M,3.29M,3.34M,3.4M,3.46M,3.53M,3.6M,3.67M,3.74M,3.81M,3.89M,3.96M,4.03M,4.11M,4.18M,4.25M,4.32M
Palestine,,,,,,,,,,,,,,,,,,,,,,,,,,,,,,,1.34M,1.41M,1.49M,1.57M,1.65M,1.74M,1.83M,1.93M,1.99M,2.04M,2.1M,2.16M,2.23M,2.29M,2.36M,2.43M,2.5M,2.57M,2.65M,2.73M,2.81M,2.89M,2.97M,3.05M,3.13M,3.22M,3.3M,3.38M,3.48M,3.58M,3.69M,3.79M,3.9M,4.01M
French Polynesia,35.4k,36.9k,38.5k,40.7k,43.4k,46.3k,49.2k,52.4k,55.7k,59.2k,62.9k,66.3k,69.1k,72.1k,75k,78.1k,81.2k,84.2k,86.8k,89.5k,92.3k,95.2k,98.1k,101k,104k,106k,109k,111k,114k,116k,118k,120k,121k,123k,124k,126k,127k,129k,131k,133k,135k,137k,138k,142k,145k,149k,153k,156k,159k,161k,163k,165k,168k,169k,170k,171k,172k,173k,173k,173k,173k,174k,174k,175k
Qatar,30.7k,34k,38.4k,43.6k,49.3k,55.8k,63k,71.3k,80.6k,90.8k,103k,116k,130k,144k,158k,172k,186k,201k,216k,231k,247k,263k,279k,296k,313k,330k,346k,361k,377k,393k,408k,424k,440k,456k,473k,489k,504k,527k,557k,589k,621k,654k,688k,721k,751k,804k,950k,1.18M,1.4M,1.58M,1.59M,1.6M,1.7M,1.89M,2.13M,2.32M,2.45M,2.52M,2.56M,2.62M,2.77M,2.49M,2.64M,2.64M
Romania,6.3M,6.47M,6.65M,6.82M,7M,7.17M,7.37M,7.59M,7.79M,7.97M,8.16M,8.35M,8.54M,8.71M,8.9M,9.12M,9.34M,9.56M,9.8M,10M,10.2M,10.5M,10.7M,10.9M,11.1M,11.3M,11.5M,11.7M,11.9M,12.2M,12.3M,12.4M,12.4M,12.3M,12.3M,12.2M,12.1M,12.1M,12M,11.9M,11.9M,11.7M,11.5M,11.4M,11.4M,11.3M,11.3M,11.2M,11M,10.9M,10.9M,10.9M,10.8M,10.8M,10.7M,10.7M,10.6M,10.6M,10.5M,10.5M,10.4M,10.4M,10.4M,10.4M
Russia,64.4M,66.2M,68.1M,69.9M,71.8M,73.7M,75.3M,76.8M,78.4M,79.9M,81.5M,83M,84.5M,86.1M,87.6M,89.1M,90.8M,92.5M,94.2M,95.7M,97M,98.2M,99.5M,101M,102M,103M,105M,106M,107M,108M,109M,109M,109M,109M,109M,109M,109M,109M,108M,108M,108M,107M,107M,106M,106M,105M,105M,105M,105M,105M,105M,105M,106M,106M,107M,107M,108M,108M,108M,108M,109M,108M,108M,108M
Rwanda,78.6k,82.5k,86.3k,90.1k,94.2k,98.7k,104k,109k,115k,121k,127k,137k,147k,159k,171k,184k,198k,214k,230k,242k,253k,265k,277k,291k,305k,319k,335k,351k,367k,384k,399k,413k,483k,584k,577k,558k,763k,967k,1.07M,1.15M,1.23M,1.31M,1.41M,1.45M,1.49M,1.53M,1.57M,1.62M,1.66M,1.7M,1.75M,1.79M,1.83M,1.88M,1.93M,1.98M,2.03M,2.09M,2.15M,2.21M,2.28M,2.35M,2.42M,2.5M
Saudi Arabia,761k,818k,878k,952k,1.04M,1.14M,1.24M,1.35M,1.47M,1.59M,1.73M,1.89M,2.06M,2.25M,2.45M,2.66M,2.88M,3.12M,3.39M,3.67M,3.98M,4.32M,4.69M,5.08M,5.49M,5.92M,6.38M,6.81M,7.25M,7.69M,8.15M,8.62M,9.1M,9.55M,10M,10.5M,10.9M,11.4M,11.8M,12.3M,12.9M,13.6M,14.4M,15.1M,15.9M,16.6M,17.4M,18.2M,19M,19.8M,19.7M,20.7M,21.6M,22.9M,23.5M,24.8M,25.8M,25.9M,25.3M,25.3M,26.6M,26M,27.3M,28.3M
Sudan,899k,970k,1.05M,1.13M,1.22M,1.32M,1.42M,1.54M,1.66M,1.79M,1.93M,2.08M,2.25M,2.42M,2.55M,2.66M,2.79M,2.92M,3.07M,3.23M,3.4M,3.59M,3.77M,3.99M,4.28M,4.57M,4.87M,5.2M,5.55M,5.91M,6.3M,6.71M,7.13M,7.53M,7.74M,7.95M,8.15M,8.34M,8.57M,8.8M,9.04M,9.28M,9.53M,9.76M,9.99M,10.2M,10.5M,10.8M,11.1M,11.4M,11.7M,12M,12.3M,12.7M,13.1M,13.6M,14.1M,14.7M,15.3M,15.9M,16.5M,17.1M,17.8M,18.2M
Senegal,768k,813k,859k,908k,960k,1.01M,1.07M,1.13M,1.2M,1.27M,1.34M,1.41M,1.49M,1.57M,1.66M,1.74M,1.82M,1.89M,1.95M,2.02M,2.09M,2.17M,2.25M,2.33M,2.42M,2.51M,2.61M,2.71M,2.81M,2.91M,3M,3.1M,3.2M,3.3M,3.4M,3.5M,3.6M,3.7M,3.8M,3.91M,4.02M,4.13M,4.25M,4.38M,4.53M,4.69M,4.84M,5.01M,5.17M,5.35M,5.53M,5.73M,5.94M,6.17M,6.43M,6.69M,6.96M,7.23M,7.51M,7.79M,8.08M,8.37M,8.66M,8.96M
Singapore,1.65M,1.7M,1.75M,1.79M,1.84M,1.89M,1.93M,1.98M,2.01M,2.04M,2.07M,2.11M,2.15M,2.19M,2.23M,2.26M,2.29M,2.33M,2.35M,2.38M,2.41M,2.53M,2.65M,2.68M,2.73M,2.74M,2.73M,2.77M,2.85M,2.93M,3.05M,3.14M,3.23M,3.31M,3.42M,3.52M,3.67M,3.8M,3.93M,3.96M,4.03M,4.14M,4.18M,4.11M,4.17M,4.27M,4.4M,4.59M,4.84M,4.99M,5.08M,5.18M,5.31M,5.4M,5.47M,5.54M,5.61M,5.61M,5.64M,5.7M,5.69M,5.45M,5.64M,5.92M
Solomon Islands,8060,8630,9240,9900,10.6k,11.4k,12.2k,13k,14k,15k,15.7k,16.2k,16.6k,17.2k,17.7k,18.3k,19.2k,20.5k,22k,23.5k,25.2k,26.9k,28.8k,30.8k,32.9k,35.1k,37.5k,39.5k,41.4k,43.3k,45.3k,47.4k,49.5k,51.7k,54k,56.4k,58.9k,61.4k,64.1k,66.7k,69.7k,72.8k,76k,79.3k,82.6k,86.1k,89.8k,93.5k,97.4k,101k,107k,113k,120k,128k,135k,143k,151k,160k,168k,176k,184k,192k,200k,208k
Sierra Leone,394k,413k,433k,454k,478k,503k,530k,558k,587k,618k,650k,684k,718k,755k,793k,825k,852k,881k,911k,943k,976k,1.01M,1.05M,1.08M,1.12M,1.16M,1.21M,1.25M,1.29M,1.33M,1.4M,1.42M,1.4M,1.41M,1.43M,1.44M,1.46M,1.48M,1.51M,1.53M,1.58M,1.68M,1.8M,1.88M,1.96M,2.03M,2.1M,2.17M,2.24M,2.33M,2.42M,2.51M,2.6M,2.69M,2.78M,2.87M,2.97M,3.07M,3.18M,3.28M,3.4M,3.51M,3.63M,3.75M
El Salvador,1.07M,1.11M,1.14M,1.17M,1.21M,1.25M,1.28M,1.32M,1.37M,1.41M,1.45M,1.49M,1.54M,1.6M,1.65M,1.71M,1.77M,1.83M,1.89M,1.95M,2M,2.04M,2.09M,2.15M,2.21M,2.28M,2.36M,2.43M,2.51M,2.58M,2.66M,2.74M,2.81M,2.91M,3.01M,3.11M,3.21M,3.3M,3.4M,3.45M,3.5M,3.55M,3.59M,3.63M,3.67M,3.7M,3.73M,3.77M,3.84M,3.91M,3.97M,4.04M,4.11M,4.18M,4.24M,4.31M,4.37M,4.43M,4.48M,4.53M,4.58M,4.64M,4.7M,4.76M
San Marino,7540,7900,8270,8660,9050,9410,9720,10k,10.3k,10.6k,10.9k,11.5k,12.2k,12.7k,13.2k,13.6k,14.1k,15.1k,16.3k,16.9k,17.5k,18.1k,18.6k,19.1k,19.5k,19.9k,20.2k,20.5k,20.6k,20.9k,21.2k,21.5k,21.8k,22.2k,22.7k,23.1k,23.5k,23.8k,24.2k,24.6k,25k,25.4k,25.8k,26.2k,27.7k,28.2k,28.6k,29.7k,30.2k,31.6k,31.9k,31.3k,32.2k,31.8k,31.5k,31.8k,32.1k,32.8k,33.6k,33.8k,33.9k,33.4k,33k,33.1k
Somalia,498k,526k,557k,588k,621k,654k,689k,726k,765k,805k,848k,892k,939k,988k,1.04M,1.09M,1.12M,1.17M,1.26M,1.44M,1.59M,1.62M,1.64M,1.71M,1.79M,1.88M,1.98M,2.07M,2.1M,2.09M,2.1M,2.04M,1.97M,2.05M,2.18M,2.29M,2.4M,2.52M,2.65M,2.79M,2.94M,3.09M,3.25M,3.44M,3.65M,3.87M,4.07M,3.9M,4.2M,4.5M,4.82M,5.06M,5.18M,5.42M,5.69M,5.97M,6.29M,6.62M,6.95M,7.3M,7.68M,8.07M,8.42M,8.8M
Serbia,1.93M,2.01M,2.09M,2.18M,2.26M,2.35M,2.44M,2.53M,2.63M,2.75M,2.85M,2.94M,3M,3.05M,3.12M,3.18M,3.24M,3.31M,3.37M,3.43M,3.56M,3.61M,3.66M,3.7M,3.75M,3.79M,3.83M,3.87M,3.91M,3.95M,3.98M,3.86M,3.88M,3.9M,3.92M,3.94M,3.95M,3.96M,3.96M,3.96M,3.97M,3.98M,3.99M,4M,4M,4.01M,4.01M,4.01M,4.01M,4.01M,4.01M,4M,3.99M,3.98M,3.96M,3.95M,3.94M,3.93M,3.92M,3.91M,3.89M,3.87M,3.79M,3.78M
South Sudan,256k,260k,264k,268k,272k,277k,281k,284k,288k,291k,294k,299k,305k,312k,320k,328k,336k,344k,353k,361k,370k,378k,387k,406k,440k,476k,515k,551k,572k,590k,629k,681k,732k,774k,799k,829k,857k,888k,913k,945k,996k,1.05M,1.11M,1.17M,1.23M,1.3M,1.38M,1.46M,1.55M,1.64M,1.74M,1.86M,1.96M,2.06M,2.09M,2.09M,2.07M,1.98M,1.99M,2.07M,2.16M,2.23M,2.3M,2.43M
Sao Tome and Principe,10.9k,11.5k,12.5k,13.5k,14.5k,15.7k,16.9k,18.2k,19.6k,21.2k,22.9k,24k,24.8k,25.6k,26.5k,27.4k,28.5k,29.6k,30.7k,31.9k,33k,34.1k,35.7k,37.5k,39.3k,41.3k,43.5k,45.9k,48.4k,51k,53.7k,56.3k,58.6k,61k,63.3k,65.6k,67.9k,70.2k,72.5k,74.7k,76.9k,79.6k,83.3k,87.3k,91.4k,95.6k,100k,104k,109k,114k,118k,123k,127k,132k,136k,141k,145k,149k,153k,157k,162k,167k,171k,176k
Suriname,125k,129k,134k,141k,146k,151k,155k,160k,165k,169k,174k,179k,186k,194k,202k,210k,218k,225k,231k,237k,244k,244k,245k,247k,249k,253k,257k,260k,264k,268k,271k,273k,275k,276k,279k,284k,290k,297k,303k,310k,317k,324k,331k,338k,343k,346k,350k,353k,357k,361k,365k,369k,373k,376k,380k,384k,388k,392k,396k,400k,405k,409k,413k,418k
Slovak Republic,1.36M,1.42M,1.47M,1.52M,1.57M,1.62M,1.67M,1.72M,1.77M,1.82M,1.86M,1.91M,1.98M,2.05M,2.12M,2.19M,2.27M,2.34M,2.42M,2.5M,2.57M,2.62M,2.67M,2.71M,2.75M,2.8M,2.84M,2.88M,2.92M,2.96M,2.99M,3.01M,3.01M,3.02M,3.03M,3.03M,3.03M,3.04M,3.04M,3.04M,3.03M,3.02M,3.01M,3M,2.99M,2.99M,2.98M,2.97M,2.96M,2.96M,2.95M,2.94M,2.94M,2.93M,2.93M,2.92M,2.92M,2.92M,2.93M,2.93M,2.93M,2.93M,2.93M,2.93M
Slovenia,447k,464k,480k,498k,516k,536k,557k,579k,599k,618k,638k,660k,684k,709k,733k,760k,792k,822k,852k,883k,913k,933k,938k,947k,955k,963k,978k,993k,999k,1M,1.01M,1.01M,1.01M,1.01M,1.01M,1.01M,1.01M,1.01M,1M,1.01M,1.01M,1.01M,1.01M,1.02M,1.02M,1.03M,1.04M,1.05M,1.06M,1.07M,1.08M,1.09M,1.09M,1.1M,1.1M,1.11M,1.12M,1.12M,1.13M,1.14M,1.16M,1.17M,1.18M,1.19M
Sweden,5.43M,5.51M,5.62M,5.72M,5.83M,5.96M,6.08M,6.19M,6.29M,6.4M,6.52M,6.61M,6.65M,6.69M,6.73M,6.78M,6.81M,6.84M,6.86M,6.89M,6.9M,6.91M,6.92M,6.92M,6.93M,6.94M,6.96M,6.98M,7.01M,7.06M,7.11M,7.17M,7.23M,7.28M,7.35M,7.4M,7.42M,7.43M,7.43M,7.44M,7.45M,7.48M,7.51M,7.54M,7.58M,7.61M,7.67M,7.74M,7.81M,7.89M,7.98M,8.06M,8.15M,8.25M,8.36M,8.48M,8.62M,8.76M,8.9M,9.02M,9.11M,9.19M,9.28M,9.35M
Eswatini,13.5k,15.3k,17.3k,19.6k,22.3k,25.2k,28.5k,31.6k,35k,38.7k,42.8k,47.4k,52.5k,58.1k,64.3k,71.1k,78.7k,83.6k,88.3k,93.1k,98.3k,104k,110k,116k,122k,129k,137k,145k,155k,166k,176k,187k,198k,208k,212k,216k,225k,232k,234k,235k,236k,237k,238k,238k,238k,238k,238k,238k,242k,246k,250k,254k,257k,260k,263k,266k,270k,274k,278k,283k,288k,294k,300k,305k
Sint Maarten (Dutch part),2720,2970,3260,3580,3920,4280,4660,5070,5500,5950,6410,6890,7380,7920,8490,9090,9720,10.4k,11k,11.7k,12.4k,13.3k,14.6k,16.1k,17.7k,19.3k,20.9k,22.6k,24.4k,26.2k,28.1k,30k,31.6k,32k,31.9k,31.8k,31.6k,31.4k,31.2k,31k,30.8k,30.7k,31k,31.3k,31.7k,32.1k,32.4k,32.8k,33.1k,33.5k,33.8k,34.3k,35k,35.9k,36.7k,37.5k,38.2k,39k,39.7k,40.4k,41k,41.6k,42.1k,42.7k
Seychelles,11.5k,12.3k,13.1k,13.9k,14.8k,15.7k,16.7k,17.7k,18.7k,19.8k,20.9k,22.1k,23.4k,24.6k,25.9k,27.4k,28.9k,30.4k,30.7k,31k,31.2k,31.6k,31.8k,31.7k,31.9k,32.2k,32.4k,33.7k,33.9k,34.1k,34.2k,34.7k,34.9k,35.7k,36.8k,37.4k,38k,38.6k,39.5k,40.4k,40.9k,41.1k,42.6k,42.3k,42.4k,42.8k,44k,44.5k,45.8k,46.2k,47.9k,47k,47.8k,49.1k,50.2k,51.8k,52.9k,53.9k,54.9k,55.8k,56.7k,57.5k,70k,70.5k
Syria,1.72M,1.8M,1.89M,1.98M,2.07M,2.17M,2.28M,2.39M,2.51M,2.64M,2.77M,2.89M,3.01M,3.14M,3.27M,3.4M,3.55M,3.7M,3.86M,4.02M,4.18M,4.36M,4.52M,4.7M,4.89M,5.09M,5.29M,5.5M,5.72M,5.93M,6.16M,6.38M,6.61M,6.84M,7.07M,7.32M,7.58M,7.84M,8.1M,8.37M,8.64M,8.92M,9.2M,9.49M,9.8M,10.1M,10.6M,11.4M,11.9M,12.1M,12.5M,12.5M,12.2M,11.4M,10.4M,10.1M,10.1M,10.3M,10.6M,11.2M,11.7M,12.1M,12.8M,13.5M
Turks and Caicos Islands,2670,2700,2730,2750,2780,2800,2810,2830,2850,2870,2900,2960,3070,3180,3300,3430,3560,3700,3840,3990,4180,4540,4930,5350,5780,6230,6700,7170,7650,8140,8690,9300,9950,10.6k,11.3k,12k,12.8k,13.5k,14.3k,15k,15.8k,16.7k,17.7k,18.8k,19.9k,21k,22.2k,23.3k,24.5k,25.7k,26.8k,28k,29.3k,30.8k,32.2k,33.7k,35.4k,37k,38.7k,40.3k,41.5k,42.5k,43.1k,43.5k
Chad,204k,217k,230k,244k,261k,284k,309k,336k,365k,397k,431k,469k,510k,553k,600k,649k,700k,754k,812k,838k,848k,858k,909k,965k,988k,1.01M,1.05M,1.1M,1.15M,1.2M,1.25M,1.3M,1.37M,1.42M,1.45M,1.52M,1.59M,1.65M,1.71M,1.78M,1.84M,1.91M,1.98M,2.06M,2.16M,2.25M,2.34M,2.42M,2.51M,2.61M,2.71M,2.81M,2.93M,3.05M,3.17M,3.3M,3.43M,3.57M,3.73M,3.88M,4.05M,4.24M,4.44M,4.71M
Togo,169k,186k,205k,226k,250k,277k,309k,347k,389k,435k,478k,501k,523k,545k,567k,590k,614k,638k,663k,690k,720k,754k,791k,831k,872k,914k,957k,1M,1.05M,1.09M,1.14M,1.19M,1.25M,1.26M,1.28M,1.35M,1.43M,1.49M,1.56M,1.62M,1.69M,1.76M,1.83M,1.9M,1.98M,2.06M,2.14M,2.23M,2.33M,2.43M,2.53M,2.63M,2.74M,2.85M,2.96M,3.07M,3.19M,3.32M,3.44M,3.58M,3.71M,3.85M,3.99M,4.14M
Thailand,5.28M,5.47M,5.66M,5.87M,6.08M,6.3M,6.52M,6.75M,6.99M,7.23M,7.51M,7.92M,8.35M,8.79M,9.25M,9.73M,10.2M,10.7M,11.2M,11.7M,12.2M,12.6M,13M,13.3M,13.7M,14.1M,14.5M,14.9M,15.3M,15.7M,16.1M,16.5M,16.8M,17.2M,17.5M,17.9M,18.2M,18.6M,18.9M,19.3M,19.8M,20.7M,21.7M,22.7M,23.7M,24.7M,25.7M,26.8M,27.9M,29M,30.1M,30.8M,31.6M,32.3M,33M,33.6M,34.3M,35M,35.7M,36.3M,36.8M,37.4M,37.9M,38.4M
Tajikistan,701k,732k,766k,801k,838k,876k,916k,958k,1M,1.05M,1.08M,1.11M,1.14M,1.16M,1.19M,1.22M,1.25M,1.28M,1.31M,1.34M,1.37M,1.4M,1.43M,1.46M,1.5M,1.54M,1.58M,1.62M,1.67M,1.7M,1.71M,1.72M,1.72M,1.72M,1.71M,1.72M,1.72M,1.71M,1.68M,1.66M,1.67M,1.7M,1.73M,1.76M,1.8M,1.84M,1.87M,1.91M,1.95M,1.99M,2.03M,2.08M,2.13M,2.18M,2.25M,2.31M,2.38M,2.45M,2.53M,2.6M,2.68M,2.76M,2.85M,2.93M
Turkmenistan,763k,789k,817k,845k,874k,903k,932k,962k,991k,1.02M,1.05M,1.08M,1.1M,1.13M,1.16M,1.19M,1.22M,1.25M,1.28M,1.31M,1.33M,1.36M,1.39M,1.42M,1.46M,1.49M,1.53M,1.57M,1.61M,1.65M,1.7M,1.73M,1.77M,1.81M,1.84M,1.88M,1.92M,1.96M,2.01M,2.05M,2.1M,2.16M,2.21M,2.27M,2.32M,2.38M,2.43M,2.5M,2.56M,2.63M,2.7M,2.77M,2.86M,2.94M,3.03M,3.13M,3.23M,3.33M,3.43M,3.54M,3.65M,3.76M,3.87M,3.98M
Timor-Leste,47.2k,48.7k,50.7k,52.9k,55.2k,57.6k,60.1k,62.7k,65.4k,68.3k,71.3k,74.4k,77.6k,81k,84.1k,87.3k,90.9k,94.8k,98.7k,103k,107k,112k,116k,120k,125k,129k,134k,140k,145k,152k,158k,165k,172k,180k,187k,196k,204k,213k,222k,200k,181k,200k,220k,232k,239k,247k,258k,268k,279k,290k,301k,312k,323k,333k,344k,355k,367k,378k,390k,403k,415k,428k,439k,449k
Tonga,11.6k,12.2k,12.8k,13.4k,14.1k,14.8k,15.5k,16k,16.4k,16.7k,17k,17.4k,17.7k,18k,18.4k,18.9k,19.4k,19.8k,20.1k,20.4k,20.7k,20.9k,21.2k,21.4k,21.6k,21.8k,22k,22.2k,22.4k,22.5k,22.6k,22.7k,22.8k,22.8k,22.9k,22.9k,23k,23.1k,23.3k,23.5k,23.6k,23.8k,24k,24.1k,24.3k,24.5k,24.6k,24.8k,24.9k,25k,25.1k,25.2k,25.2k,25k,24.9k,24.7k,24.5k,24.4k,24.4k,24.4k,24.4k,24.4k,24.3k,24.2k
Trinidad and Tobago,289k,302k,316k,329k,343k,357k,371k,385k,399k,413k,427k,441k,456k,471k,487k,502k,519k,535k,552k,570k,586k,596k,604k,613k,622k,632k,642k,652k,661k,670k,678k,685k,693k,700k,707k,713k,718k,724k,728k,733k,738k,739k,740k,741k,742k,712k,711k,711k,712k,710k,712k,715k,717k,718k,719k,720k,721k,722k,723k,725k,727k,728k,729k,731k
Tunisia,1.6M,1.64M,1.68M,1.72M,1.76M,1.81M,1.87M,1.95M,2.04M,2.14M,2.23M,2.33M,2.44M,2.54M,2.66M,2.78M,2.89M,3M,3.12M,3.23M,3.34M,3.46M,3.58M,3.69M,3.83M,3.99M,4.15M,4.32M,4.49M,4.66M,4.82M,5M,5.17M,5.35M,5.51M,5.63M,5.75M,5.87M,5.98M,6.09M,6.19M,6.3M,6.4M,6.5M,6.6M,6.69M,6.78M,6.87M,6.97M,7.07M,7.18M,7.29M,7.4M,7.52M,7.64M,7.76M,7.88M,8M,8.11M,8.22M,8.33M,8.42M,8.51M,8.61M
Turkey,8.93M,9.34M,9.75M,10.2M,10.6M,11.1M,11.6M,12.2M,12.8M,13.4M,14M,14.6M,15.2M,15.8M,16.5M,17.1M,17.6M,18.2M,18.7M,19.3M,19.9M,20.9M,22.2M,23.6M,25.1M,26.6M,27.9M,29.2M,30.5M,31.8M,33.2M,34.2M,35.1M,36M,37M,37.9M,38.8M,39.7M,40.6M,41.5M,42.4M,43.3M,44.2M,45.2M,46.1M,47M,47.9M,48.4M,49.5M,50.6M,51.8M,53M,54.1M,55.2M,56.4M,57.6M,58.8M,59.9M,61.2M,62.5M,63.5M,64.4M,65.5M,66.1M
Tuvalu,890,929,969,1010,1050,1070,1100,1130,1170,1210,1250,1300,1340,1380,1460,1580,1700,1830,1960,2080,2200,2310,2420,2530,2630,2760,2920,3080,3240,3410,3580,3750,3860,3940,4010,4080,4150,4210,4270,4330,4390,4450,4510,4620,4780,4940,5100,5270,5450,5630,5820,6020,6210,6360,6460,6550,6630,6690,6710,6690,6660,6600,6550,6500
Tanzania,519k,550k,582k,616k,653k,692k,733k,778k,857k,953k,1.06M,1.18M,1.31M,1.46M,1.62M,1.8M,2M,2.22M,2.46M,2.63M,2.79M,2.96M,3.14M,3.34M,3.55M,3.77M,4.01M,4.26M,4.51M,4.72M,4.93M,5.14M,5.36M,5.63M,5.95M,6.24M,6.46M,6.71M,7M,7.31M,7.64M,7.98M,8.32M,8.76M,9.23M,9.73M,10.3M,10.8M,11.4M,12M,12.6M,13.3M,14M,14.7M,15.6M,16.4M,17.4M,18.4M,19.4M,20.4M,21.5M,22.6M,23.7M,24.9M
Uganda,338k,363k,391k,420k,453k,488k,525k,566k,610k,657k,688k,715k,742k,768k,796k,825k,857k,890k,923k,956k,1M,1.06M,1.13M,1.2M,1.29M,1.37M,1.47M,1.58M,1.69M,1.81M,1.95M,2.08M,2.21M,2.36M,2.51M,2.65M,2.81M,2.97M,3.15M,3.34M,3.55M,3.76M,3.99M,4.23M,4.48M,4.74M,5.02M,5.31M,5.61M,5.94M,6.28M,6.64M,7.01M,7.41M,7.83M,8.28M,8.78M,9.32M,9.88M,10.5M,11.1M,11.7M,12.4M,13M
Ukraine,20M,20.6M,21.2M,21.8M,22.4M,23M,23.6M,24.2M,24.8M,25.4M,25.9M,26.4M,27M,27.5M,28M,28.5M,29M,29.5M,29.9M,30.4M,30.8M,31.3M,31.7M,32.2M,32.6M,33.1M,33.5M,33.9M,34.3M,34.6M,34.7M,34.8M,35M,35M,34.8M,34.6M,34.3M,34M,33.8M,33.5M,33.3M,33M,32.8M,32.6M,32.4M,32.3M,32.1M,32.1M,32M,31.9M,31.9M,31.8M,31.8M,31.8M,31.7M,31.6M,31.5M,31.5M,31.4M,31.2M,31.1M,30.9M,28.7M,26.4M
Uruguay,2.03M,2.06M,2.09M,2.12M,2.15M,2.18M,2.21M,2.23M,2.26M,2.28M,2.3M,2.32M,2.34M,2.35M,2.37M,2.4M,2.42M,2.45M,2.48M,2.5M,2.52M,2.54M,2.56M,2.59M,2.61M,2.63M,2.66M,2.68M,2.71M,2.74M,2.76M,2.79M,2.81M,2.84M,2.86M,2.89M,2.91M,2.94M,2.96M,2.99M,3.01M,3.02M,3.04M,3.05M,3.06M,3.07M,3.08M,3.09M,3.1M,3.12M,3.13M,3.15M,3.16M,3.17M,3.19M,3.2M,3.22M,3.23M,3.24M,3.24M,3.25M,3.25M,3.24M,3.24M
USA,126M,129M,132M,135M,137M,140M,142M,144M,146M,149M,151M,153M,155M,156M,157M,159M,161M,162M,164M,166M,168M,170M,172M,173M,175M,177M,179M,181M,183M,185M,188M,192M,195M,199M,202M,206M,209M,213M,216M,220M,223M,226M,228M,231M,234M,236M,239M,242M,245M,247M,250M,252M,255M,257M,259M,262M,264M,267M,269M,271M,274M,275M,277M,279M
Uzbekistan,2.79M,2.92M,3.05M,3.2M,3.35M,3.5M,3.66M,3.82M,3.98M,4.15M,4.32M,4.5M,4.69M,4.89M,5.1M,5.32M,5.54M,5.77M,6.01M,6.21M,6.37M,6.54M,6.71M,6.89M,7.08M,7.28M,7.49M,7.7M,7.92M,8.17M,8.47M,8.77M,9.09M,9.41M,9.72M,10M,10.3M,10.6M,10.9M,11.2M,11.4M,11.7M,12M,12.2M,12.5M,12.8M,13.1M,13.4M,13.7M,14.1M,14.5M,14.7M,14.9M,15.1M,15.4M,15.6M,15.8M,16.1M,16.3M,16.6M,16.9M,17.3M,17.6M,18M
St. Vincent and the Grenadines,21.9k,22.7k,23.4k,24.2k,24.9k,25.7k,26.4k,27.2k,28k,28.7k,29.4k,30.2k,31k,31.8k,32.6k,33.4k,34.2k,35k,35.8k,36.6k,37.4k,38.3k,39.2k,40.1k,41k,41.9k,42.8k,43.7k,44.6k,45.4k,46.3k,47.1k,47.6k,48.1k,48.6k,49k,49.5k,49.9k,50.3k,50.8k,51.3k,51.7k,52k,52.4k,52.6k,52.9k,53.1k,53.3k,53.5k,53.7k,53.8k,54k,54.1k,54.2k,54.4k,54.5k,54.6k,54.7k,54.8k,54.8k,54.9k,55k,55k,55k
Venezuela,5.03M,5.32M,5.6M,5.89M,6.19M,6.5M,6.82M,7.15M,7.49M,7.83M,8.18M,8.54M,8.9M,9.26M,9.63M,10M,10.4M,10.8M,11.2M,11.7M,12.1M,12.5M,13M,13.4M,13.8M,14.3M,14.8M,15.2M,15.7M,16.2M,16.7M,17.2M,17.7M,18.1M,18.6M,19.1M,19.6M,20M,20.5M,21M,21.5M,21.9M,22.4M,22.8M,23.2M,23.6M,24M,24.3M,24.7M,25M,25.4M,25.7M,26M,26.4M,26.7M,27M,27.1M,27M,26.3M,25.5M,25.1M,24.9M,24.9M,25M
British Virgin Islands,972,1010,1050,1090,1130,1180,1240,1310,1410,1540,1650,1730,1810,1900,1980,2070,2150,2240,2320,2410,2530,2760,3030,3310,3620,3950,4290,4660,5060,5480,5940,6370,6570,6770,6990,7210,7440,7680,7930,8190,8460,8740,9070,9430,9820,10.2k,10.7k,11.1k,11.6k,12.1k,12.4k,13k,13.8k,14.5k,15.2k,16.1k,15.9k,15.5k,16.5k,17.5k,18k,18.5k,18.9k,19.4k
Virgin Islands (U.S.),18.4k,19.8k,20.7k,24.1k,25.3k,27.5k,29.8k,32.3k,37.4k,41.2k,44.2k,50.2k,54.9k,61.5k,66.7k,71.1k,73.4k,72k,75.1k,76.2k,79.9k,80.9k,81.9k,83k,84k,84.9k,85.7k,86.5k,87.2k,88k,91.2k,92.5k,93.9k,95.3k,96.5k,97.5k,98.3k,99k,99.6k,100k,101k,101k,101k,101k,101k,102k,102k,102k,102k,102k,102k,103k,103k,103k,103k,103k,103k,103k,102k,102k,102k,102k,101k,101k
Vietnam,4.78M,5.02M,5.27M,5.54M,5.82M,6.1M,6.38M,6.67M,6.97M,7.27M,7.59M,7.81M,8.03M,8.25M,8.49M,8.73M,9M,9.29M,9.59M,9.85M,10.1M,10.4M,10.7M,10.9M,11.3M,11.6M,11.8M,12.1M,12.4M,12.8M,13.3M,13.8M,14.3M,14.9M,15.4M,16M,16.5M,17M,17.6M,18.2M,18.8M,19.4M,20.1M,20.8M,21.4M,22.1M,22.9M,23.8M,24.8M,25.7M,26.6M,27.5M,28.4M,29.4M,30.4M,31.4M,32.4M,33.5M,34.6M,35.6M,36.6M,37.6M,38.6M,39.6M
Vanuatu,6700,7010,7340,7680,8040,8420,8830,9250,9690,10.2k,10.6k,11.1k,11.7k,12.2k,12.8k,13.4k,14.1k,14.8k,15.5k,16.2k,17k,17.9k,18.8k,19.7k,20.7k,21.8k,22.9k,24.1k,25.4k,26.6k,27.7k,28.8k,30k,31.2k,32.4k,33.7k,35k,36.3k,37.6k,38.9k,40.4k,41.9k,43.5k,45.2k,46.9k,48.7k,50.5k,52.4k,54.4k,56.5k,58.3k,59.8k,61.4k,63k,64.7k,66.4k,68.2k,70.1k,72.1k,74.1k,76.3k,78.5k,80.8k,83.2k
Samoa,21.3k,21.9k,22.6k,23.3k,24k,24.7k,25.4k,26.2k,27k,27.8k,28.6k,29.4k,30k,30.5k,31.2k,32.2k,33.1k,33.7k,34.1k,34.5k,34.8k,35.1k,35.3k,35.3k,35.4k,35.4k,35.4k,35.5k,35.7k,35.8k,35.8k,35.9k,36.2k,36.7k,37.1k,37.6k,38.1k,38.5k,39k,39.5k,39.9k,40.4k,40.5k,40.2k,40k,39.7k,39.4k,39.2k,39k,38.9k,38.8k,38.7k,38.6k,38.4k,38.3k,38.2k,38k,37.9k,37.9k,37.9k,37.9k,37.9k,37.9k,37.9k
Yemen,503k,535k,568k,604k,642k,683k,727k,775k,826k,881k,940k,987k,1.04M,1.09M,1.15M,1.21M,1.27M,1.34M,1.41M,1.49M,1.58M,1.67M,1.77M,1.87M,1.98M,2.1M,2.24M,2.39M,2.55M,2.72M,2.91M,3.1M,3.31M,3.52M,3.75M,3.98M,4.2M,4.42M,4.66M,4.9M,5.15M,5.42M,5.69M,5.98M,6.27M,6.59M,6.94M,7.31M,7.69M,8.09M,8.5M,8.93M,9.37M,9.84M,10.3M,10.8M,11.4M,11.9M,12.5M,13.1M,13.7M,14.3M,15M,15.7M
South Africa,7.66M,7.91M,8.17M,8.44M,8.73M,9.02M,9.33M,9.64M,9.97M,10.3M,10.7M,11M,11.3M,11.7M,12M,12.4M,12.7M,13.1M,13.5M,13.8M,14.3M,14.8M,15.4M,16M,16.6M,17.3M,18.1M,18.8M,19.6M,20.4M,21.2M,21.9M,22.5M,23.2M,23.8M,24.3M,24.8M,25.3M,25.9M,26.4M,26.8M,27.3M,27.8M,28.3M,28.9M,29.5M,30M,30.6M,31.3M,31.9M,32.6M,33.3M,34M,34.9M,35.8M,36.8M,37.4M,38M,38.9M,39.8M,40.8M,41.7M,42.6M,43.5M
Zambia,572k,617k,664k,718k,787k,863k,945k,1.03M,1.13M,1.23M,1.31M,1.39M,1.47M,1.55M,1.65M,1.74M,1.85M,1.95M,2.07M,2.19M,2.31M,2.38M,2.46M,2.54M,2.61M,2.69M,2.77M,2.84M,2.92M,2.99M,3.07M,3.11M,3.15M,3.19M,3.22M,3.26M,3.3M,3.34M,3.39M,3.43M,3.49M,3.61M,3.78M,3.95M,4.13M,4.33M,4.54M,4.76M,5M,5.24M,5.5M,5.75M,6.02M,6.29M,6.58M,6.87M,7.18M,7.5M,7.82M,8.16M,8.51M,8.86M,9.22M,9.6M
Zimbabwe,480k,504k,531k,568k,609k,652k,698k,747k,799k,854k,906k,960k,1.02M,1.08M,1.15M,1.21M,1.28M,1.34M,1.4M,1.45M,1.58M,1.72M,1.83M,1.95M,2.08M,2.21M,2.34M,2.49M,2.64M,2.79M,2.94M,3.09M,3.26M,3.36M,3.41M,3.48M,3.59M,3.7M,3.82M,3.93M,4.01M,4.09M,4.18M,4.22M,4.24M,4.26M,4.29M,4.32M,4.35M,4.39M,4.43M,4.49M,4.54M,4.58M,4.62M,4.66M,4.72M,4.78M,4.84M,4.92M,5.01M,5.1M,5.21M,5.31M
